Group,Original Name,Current Name
Bean_group_18l_01,All_Bean_pat_1cm_dist_50cm_MotoC.jpg,bean001.jpg
Bean_group_18l_01,All_Bean_pat_2cm_center_dist_50cm_MotoC.jpg,bean002.jpg
Bean_group_18l_01,All_Bean_pat_2cm_corner_dist_50cm_MotoC.jpg,bean003.jpg
Bean_group_18l_01,All_Bean_pat_4cm_center_dist_50cm_MotoC.jpg,bean004.jpg
Bean_group_18l_01,All_Bean_pat_4cm_corner_dist_50cm_MotoC.jpg,bean005.jpg
Bean_group_18l_01,All_Bean_pat_6cm_center_dist_50cm_MotoC.jpg,bean006.jpg
Bean_group_18l_01,All_Bean_pat_6cm_corner_dist_50cm_MotoC.jpg,bean007.jpg
bean_01,Bean_leaflet_pat_1cm_dist_12cm_MotoC.jpg,bean008.jpg
bean_01,Bean_leaflet_pat_1cm_dist_20cm_MotoC.jpg,bean009.jpg
bean_01,Bean_leaflet_pat_1cm_dist_30cm_MotoC.jpg,bean010.jpg
bean_01,Bean_leaflet_pat_1cm_dist_40cm_MotoC.jpg,bean011.jpg
bean_01,Bean_leaflet_pat_2cm_dist_12cm_MotoC.jpg,bean012.jpg
bean_01,Bean_leaflet_pat_2cm_dist_20cm_MotoC.jpg,bean013.jpg
bean_01,Bean_leaflet_pat_2cm_dist_30cm_MotoC.jpg,bean014.jpg
bean_01,Bean_leaflet_pat_2cm_dist_40cm_MotoC.jpg,bean015.jpg
bean_01,Bean_leaflet_pat_4cm_dist_15cm_MotoC.jpg,bean016.jpg
bean_01,Bean_leaflet_pat_4cm_dist_20cm_MotoC.jpg,bean017.jpg
bean_01,Bean_leaflet_pat_4cm_dist_30cm_MotoC.jpg,bean018.jpg
bean_01,Bean_leaflet_pat_4cm_dist_40cm_MotoC.jpg,bean019.jpg
bean_02,Bean_pat_1cm_dist_20cm_MotoC.jpg,bean020.jpg
bean_02,Bean_pat_1cm_dist_30cm_MotoC.jpg,bean021.jpg
bean_02,Bean_pat_1cm_dist_40cm_MotoC.jpg,bean022.jpg
bean_02,Bean_pat_2cm_dist_20cm_MotoC.jpg,bean023.jpg
bean_02,Bean_pat_2cm_dist_30cm_MotoC.jpg,bean024.jpg
bean_02,Bean_pat_2cm_dist_40cm_MotoC.jpg,bean025.jpg
bean_02,Bean_pat_4cm_dist_20cm_MotoC.jpg,bean026.jpg
bean_02,Bean_pat_4cm_dist_30cm_MotoC.jpg,bean027.jpg
bean_02,Bean_pat_4cm_dist_40cm_MotoC.jpg,bean028.jpg
Bean_group_18l_01,All_Bean_pat_1cm_dist_50cm_OneVision.jpg,bean029.jpg
Bean_group_18l_01,All_Bean_pat_2cm_center_dist_50cm_OneVision.jpg,bean030.jpg
Bean_group_18l_01,All_Bean_pat_2cm_corner_dist_50cm_OneVision.jpg,bean031.jpg
Bean_group_18l_01,All_Bean_pat_4cm_center_dist_50cm_OneVision.jpg,bean032.jpg
Bean_group_18l_01,All_Bean_pat_4cm_corner_dist_50cm_OneVision.jpg,bean033.jpg
Bean_group_18l_01,All_Bean_pat_6cm_center_dist_50cm_OneVision.jpg,bean034.jpg
Bean_group_18l_01,All_Bean_pat_6cm_corner_dist_50cm_OneVision.jpg,bean035.jpg
bean_01,Bean_leaflet_pat_1cm_dist_12cm_OneVision.jpg,bean036.jpg
bean_01,Bean_leaflet_pat_1cm_dist_20cm_OneVision.jpg,bean037.jpg
bean_01,Bean_leaflet_pat_1cm_dist_30cm_OneVision.jpg,bean038.jpg
bean_01,Bean_leaflet_pat_1cm_dist_40cm_OneVision.jpg,bean039.jpg
bean_01,Bean_leaflet_pat_2cm_dist_12cm_OneVision.jpg,bean040.jpg
bean_01,Bean_leaflet_pat_2cm_dist_20cm_OneVision.jpg,bean041.jpg
bean_01,Bean_leaflet_pat_2cm_dist_30cm_OneVision.jpg,bean042.jpg
bean_01,Bean_leaflet_pat_2cm_dist_40cm_OneVision.jpg,bean043.jpg
bean_01,Bean_leaflet_pat_4cm_dist_15cm_OneVision.jpg,bean044.jpg
bean_01,Bean_leaflet_pat_4cm_dist_20cm_OneVision.jpg,bean045.jpg
bean_01,Bean_leaflet_pat_4cm_dist_30cm_OneVision.jpg,bean046.jpg
bean_01,Bean_leaflet_pat_4cm_dist_40cm_OneVision.jpg,bean047.jpg
bean_02,Bean_pat_1cm_dist_20_OneVision.jpg,bean048.jpg
bean_02,Bean_pat_1cm_dist_30_OneVision.jpg,bean049.jpg
bean_02,Bean_pat_1cm_dist_40_OneVision.jpg,bean050.jpg
bean_02,Bean_pat_2cm_dist_20_OneVision.jpg,bean051.jpg
bean_02,Bean_pat_2cm_dist_30_OneVision.jpg,bean052.jpg
bean_02,Bean_pat_2cm_dist_40_OneVision.jpg,bean053.jpg
bean_02,Bean_pat_4cm_dist_20_OneVision.jpg,bean054.jpg
bean_02,Bean_pat_4cm_dist_30_OneVision.jpg,bean055.jpg
bean_02,Bean_pat_4cm_dist_40_OneVision.jpg,bean056.jpg
Bean_group_2l_01,Bean_pat_1cm_scan.jpg,bean057.jpg
bean_03,Bean_pat_1cm_scan_2.jpg,bean058.jpg
bean_04,Bean_pat_1cm_scan_3.jpg,bean059.jpg
Bean_group_2l_02,Bean_pat_1cm_scan_4.jpg,bean060.jpg
Bean_group_2l_03,Bean_pat_1cm_scan_5.jpg,bean061.jpg
Bean_group_5l_01,Bean_pat_1cm_scan_6.jpg,bean062.jpg
Bean_group_3l_01,Bean_pat_1cm_scan_7.jpg,bean063.jpg
bell_pepper_01,bell_pepper_1_pat_4cm_dist_30cm_LGK10.jpg,bell pepper001.jpg
bell_pepper_01,bell_pepper_1_pat_4cm_dist_40cm_LGK10.jpg,bell pepper002.jpg
bell_pepper_01,bell_pepper_1_pat_5cm_dist_30cm_LGK10.jpg,bell pepper003.jpg
bell_pepper_01,bell_pepper_1_pat_5cm_dist_40cm_LGK10.jpg,bell pepper004.jpg
bell_pepper_02,bell_pepper_2_pat_4cm_dist_30cm_LGK10.jpg,bell pepper005.jpg
bell_pepper_02,bell_pepper_2_pat_4cm_dist_40cm_LGK10.jpg,bell pepper006.jpg
bell_pepper_02,bell_pepper_2_pat_5cm_dist_30cm_LGK10.jpg,bell pepper007.jpg
bell_pepper_02,bell_pepper_2_pat_5cm_dist_40cm_LGK10.jpg,bell pepper008.jpg
Bell_pepper_group_2l_01,bell_pepper_total_pat_4cm_dist_30cm_LGK10.jpg,bell pepper009.jpg
Bell_pepper_group_2l_01,bell_pepper_total_pat_4cm_dist_40cm_LGK10.jpg,bell pepper010.jpg
Bell_pepper_group_2l_01,bell_pepper_total_pat_5cm_dist_30cm_LGK10.jpg,bell pepper011.jpg
Bell_pepper_group_2l_01,bell_pepper_total_pat_5cm_dist_40cm_LGK10.jpg,bell pepper012.jpg
bell_pepper_01,bell_pepper_1_pat_4cm_dist_30cm_MotoZ2.jpg,bell pepper013.jpg
bell_pepper_01,bell_pepper_1_pat_4cm_dist_40cm_MotoZ2.jpg,bell pepper014.jpg
bell_pepper_01,bell_pepper_1_pat_5cm_dist_30cm_MotoZ2.jpg,bell pepper015.jpg
bell_pepper_01,bell_pepper_1_pat_5cm_dist_40cm_MotoZ2.jpg,bell pepper016.jpg
bell_pepper_02,bell_pepper_2_pat_4cm_dist_30cm_MotoZ2.jpg,bell pepper017.jpg
bell_pepper_02,bell_pepper_2_pat_4cm_dist_40cm_MotoZ2.jpg,bell pepper018.jpg
bell_pepper_02,bell_pepper_2_pat_5cm_dist_30cm_MotoZ2.jpg,bell pepper019.jpg
bell_pepper_02,bell_pepper_2_pat_5cm_dist_40cm_MotoZ2.jpg,bell pepper020.jpg
Bell_pepper_group_2l_01,bell_pepper_total_pat_4cm_dist_30cm_MotoZ2.jpg,bell pepper021.jpg
Bell_pepper_group_2l_01,bell_pepper_total_pat_4cm_dist_40cm_MotoZ2.jpg,bell pepper022.jpg
Bell_pepper_group_2l_01,bell_pepper_total_pat_5cm_dist_30cm_MotoZ2.jpg,bell pepper023.jpg
Bell_pepper_group_2l_01,bell_pepper_total_pat_5cm_dist_40cm_MotoZ2.jpg,bell pepper024.jpg
castor_bean_01,castor_bean_1_pat_4cm_dist_30cm_LGK10.jpg,castor bean001.jpg
castor_bean_01,castor_bean_1_pat_4cm_dist_40cm_LGK10.jpg,castor bean002.jpg
castor_bean_01,castor_bean_1_pat_5cm_dist_30cm_LGK10.jpg,castor bean003.jpg
castor_bean_01,castor_bean_1_pat_5cm_dist_40cm_LGK10.jpg,castor bean004.jpg
castor_bean_02,castor_bean_2_pat_4cm_dist_30cm_LGK10.jpg,castor bean005.jpg
castor_bean_02,castor_bean_2_pat_4cm_dist_40cm_LGK10.jpg,castor bean006.jpg
castor_bean_02,castor_bean_2_pat_5cm_dist_30cm_LGK10.jpg,castor bean007.jpg
castor_bean_02,castor_bean_2_pat_5cm_dist_40cm_LGK10.jpg,castor bean008.jpg
Castor_bean_group_2l_01,castor_bean_total_pat_4cm_dist_30cm_LGK10.jpg,castor bean009.jpg
Castor_bean_group_2l_01,castor_bean_total_pat_5cm_dist_40cm_LGK10.jpg,castor bean010.jpg
castor_bean_01,castor_bean_1_pat_4cm_dist_30cm_MotoZ2.jpg,castor bean011.jpg
castor_bean_01,castor_bean_1_pat_4cm_dist_40cm_MotoZ2.jpg,castor bean012.jpg
castor_bean_01,castor_bean_1_pat_5cm_dist_30cm_MotoZ2.jpg,castor bean013.jpg
castor_bean_01,castor_bean_1_pat_5cm_dist_40cm_MotoZ2.jpg,castor bean014.jpg
castor_bean_02,castor_bean_2_pat_4cm_dist_30cm_MotoZ2.jpg,castor bean015.jpg
castor_bean_02,castor_bean_2_pat_4cm_dist_40cm_MotoZ2.jpg,castor bean016.jpg
castor_bean_02,castor_bean_2_pat_5cm_dist_30cm_MotoZ2.jpg,castor bean017.jpg
castor_bean_02,castor_bean_2_pat_5cm_dist_40cm_MotoZ2.jpg,castor bean018.jpg
Castor_bean_group_2l_01,castor_bean_total_pat_4cm_dist_40cm_MotoZ2.jpg,castor bean019.jpg
Castor_bean_group_2l_01,castor_bean_total_pat_5cm_dist_40cm_MotoZ2.jpg,castor bean020.jpg
coffee_01,Cafe1Quad1-30cm-Camera.JPG,coffee001.jpg
coffee_01,Cafe1Quad1-40cm-Camera.JPG,coffee002.jpg
coffee_01,Cafe1Quad2-30cm-Camera.JPG,coffee003.jpg
coffee_01,Cafe1Quad2-40cm-Camera.JPG,coffee004.jpg
coffee_01,Cafe1Quad3-30cm-Camera.JPG,coffee005.jpg
coffee_01,Cafe1Quad3-40cm-Camera.JPG,coffee006.jpg
coffee_02,Cafe2Quad1-30cm-Camera.JPG,coffee007.jpg
coffee_02,Cafe2Quad1-40cm-Camera.JPG,coffee008.jpg
coffee_02,Cafe2Quad2-30cm-Camera.JPG,coffee009.jpg
coffee_02,Cafe2Quad2-40cm-Camera.JPG,coffee010.jpg
coffee_02,Cafe2Quad3-30cm-Camera.JPG,coffee011.jpg
coffee_02,Cafe2Quad3-40cm-Camera.JPG,coffee012.jpg
coffee_03,Cafe3Quad1-30cm-Camera.JPG,coffee013.jpg
coffee_03,Cafe3Quad1-40cm-Camera.JPG,coffee014.jpg
coffee_03,Cafe3Quad2-30cm-Camera.JPG,coffee015.jpg
coffee_03,Cafe3Quad2-40cm-Camera.JPG,coffee016.jpg
coffee_03,Cafe3Quad3-30cm-Camera.JPG,coffee017.jpg
coffee_03,Cafe3Quad3-40cm-Camera.JPG,coffee018.jpg
coffee_07,coffee_1_pat_4cm_dist_30cm_LGK10.jpg,coffee019.jpg
coffee_07,coffee_1_pat_4cm_dist_40cm_LGK10.jpg,coffee020.jpg
coffee_07,coffee_1_pat_5cm_dist_30cm_LGK10.jpg,coffee021.jpg
coffee_07,coffee_1_pat_5cm_dist_40cm_LGK10.jpg,coffee022.jpg
coffee_08,coffee_2_pat_4cm_dist_30cm_LGK10.jpg,coffee023.jpg
coffee_08,coffee_2_pat_4cm_dist_40cm_LGK10.jpg,coffee024.jpg
coffee_08,coffee_2_pat_5cm_dist_30cm_LGK10.jpg,coffee025.jpg
coffee_08,coffee_2_pat_5cm_dist_40cm_LGK10.jpg,coffee026.jpg
coffee_09,coffee_3_pat_4cm_dist_30cm_LGK10.jpg,coffee027.jpg
coffee_09,coffee_3_pat_4cm_dist_40cm_LGK10.jpg,coffee028.jpg
coffee_09,coffee_3_pat_5cm_dist_30cm_LGK10.jpg,coffee029.jpg
coffee_09,coffee_3_pat_5cm_dist_40cm_LGK10.jpg,coffee030.jpg
Coffee_group_3l_01,coffee_total_pat_4cm_dist_30cm_LGK10.jpg,coffee031.jpg
Coffee_group_3l_01,coffee_total_pat_4cm_dist_40cm_LGK10.jpg,coffee032.jpg
Coffee_group_3l_01,coffee_total_pat_5cm_dist_30cm_LGK10.jpg,coffee033.jpg
Coffee_group_3l_01,coffee_total_pat_5cm_dist_40cm_LGK10.jpg,coffee034.jpg
coffee_01,Cafe1Quad1-30cm.jpg,coffee035.jpg
coffee_01,Cafe1Quad1-40cm.jpg,coffee036.jpg
coffee_01,Cafe1Quad2-30cm.jpg,coffee037.jpg
coffee_01,Cafe1Quad2-40cm.jpg,coffee038.jpg
coffee_01,Cafe1Quad3-30cm.jpg,coffee039.jpg
coffee_01,Cafe1Quad3-40cm.jpg,coffee040.jpg
coffee_02,Cafe2Quad1-30cm.jpg,coffee041.jpg
coffee_02,Cafe2Quad1-40cm.jpg,coffee042.jpg
coffee_02,Cafe2Quad2-30cm.jpg,coffee043.jpg
coffee_02,Cafe2Quad2-40cm.jpg,coffee044.jpg
coffee_02,Cafe2Quad3-30cm.jpg,coffee045.jpg
coffee_02,Cafe2Quad3-40cm.jpg,coffee046.jpg
coffee_03,Cafe3Quad1-30cm.jpg,coffee047.jpg
coffee_03,Cafe3Quad1-40cm.jpg,coffee048.jpg
coffee_03,Cafe3Quad2-30cm.jpg,coffee049.jpg
coffee_03,Cafe3Quad2-40cm.jpg,coffee050.jpg
coffee_03,Cafe3Quad3-30cm.jpg,coffee051.jpg
coffee_03,Cafe3Quad3-40cm.jpg,coffee052.jpg
coffee_04,CafeCercosporaQuad1-30cm.jpg,coffee053.jpg
coffee_04,CafeCercosporaQuad1-40cm.jpg,coffee054.jpg
coffee_04,CafeCercosporaQuad2-30cm.jpg,coffee055.jpg
coffee_04,CafeCercosporaQuad2-40cm.jpg,coffee056.jpg
coffee_04,CafeCercosporaQuad3-30cm.jpg,coffee057.jpg
coffee_04,CafeCercosporaQuad3-40cm.jpg,coffee058.jpg
Coffee_group_2l_01,CafeCercospora_SadiaQuad1-30cm.jpg,coffee059.jpg
Coffee_group_2l_01,CafeCercospora_SadiaQuad2-30cm.jpg,coffee060.jpg
Coffee_group_2l_01,CafeCercospora_SadiaQuad3-30cm.jpg,coffee061.jpg
coffee_06,CafeEscaldaduraQuad1-30cm.jpg,coffee062.jpg
coffee_06,CafeEscaldaduraQuad1-40cm.jpg,coffee063.jpg
coffee_06,CafeEscaldaduraQuad2-30cm.jpg,coffee064.jpg
coffee_06,CafeEscaldaduraQuad2-40cm.jpg,coffee065.jpg
coffee_06,CafeEscaldaduraQuad3-30cm.jpg,coffee066.jpg
coffee_06,CafeEscaldaduraQuad3-40cm.jpg,coffee067.jpg
coffee_05,CafeSadioQuad1-30cm.jpg,coffee068.jpg
coffee_05,CafeSadioQuad1-40cm.jpg,coffee069.jpg
coffee_05,CafeSadioQuad2-30cm.jpg,coffee070.jpg
coffee_05,CafeSadioQuad2-40cm.jpg,coffee071.jpg
coffee_05,CafeSadioQuad3-30cm.jpg,coffee072.jpg
coffee_05,CafeSadioQuad3-40cm.jpg,coffee073.jpg
Coffee_group_17l_01,All_Coffee_pat_1cm_dist_50cm_MotoC.jpg,coffee074.jpg
Coffee_group_17l_01,All_Coffee_pat_2cm_dist_50cm_MotoC.jpg,coffee075.jpg
Coffee_group_17l_01,All_Coffee_pat_4cm_dist_50cm_MotoC.jpg,coffee076.jpg
Coffee_group_17l_01,All_Coffee_pat_6cm_dist_50cm_MotoC.jpg,coffee077.jpg
coffee_26,Coffee_17_pat_1cm_dist_20cm_MotoC.jpg,coffee078.jpg
coffee_26,Coffee_17_pat_1cm_dist_30cm_MotoC.jpg,coffee079.jpg
coffee_26,Coffee_17_pat_1cm_dist_40cm_MotoC.jpg,coffee080.jpg
coffee_26,Coffee_17_pat_2cm_dist_20cm_MotoC.jpg,coffee081.jpg
coffee_26,Coffee_17_pat_2cm_dist_30cm_MotoC.jpg,coffee082.jpg
coffee_26,Coffee_17_pat_2cm_dist_40cm_MotoC.jpg,coffee083.jpg
coffee_26,Coffee_17_pat_4cm_dist_20cm_MotoC.jpg,coffee084.jpg
coffee_26,Coffee_17_pat_4cm_dist_30cm_MotoC.jpg,coffee085.jpg
coffee_26,Coffee_17_pat_4cm_dist_40cm_MotoC.jpg,coffee086.jpg
coffee_26,Coffee_17_pat_6cm_dist_20cm_MotoC.jpg,coffee087.jpg
coffee_26,Coffee_17_pat_6cm_dist_30cm_MotoC.jpg,coffee088.jpg
coffee_26,Coffee_17_pat_6cm_dist_40cm_MotoC.jpg,coffee089.jpg
coffee_10,Coffee_1_pat_1cm_dist_20cm_MotoC.jpg,coffee090.jpg
coffee_10,Coffee_1_pat_1cm_dist_30cm_MotoC.jpg,coffee091.jpg
coffee_10,Coffee_1_pat_1cm_dist_40cm_MotoC.jpg,coffee092.jpg
coffee_10,Coffee_1_pat_2cm_dist_20cm_MotoC.jpg,coffee093.jpg
coffee_10,Coffee_1_pat_2cm_dist_30cm_MotoC.jpg,coffee094.jpg
coffee_10,Coffee_1_pat_2cm_dist_40cm_MotoC.jpg,coffee095.jpg
coffee_10,Coffee_1_pat_4cm_dist_20cm_MotoC.jpg,coffee096.jpg
coffee_10,Coffee_1_pat_4cm_dist_30cm_MotoC.jpg,coffee097.jpg
coffee_07,coffee_1_pat_4cm_dist_30cm__MotoC.jpg,coffee098.jpg
coffee_10,Coffee_1_pat_4cm_dist_40cm_MotoC.jpg,coffee099.jpg
coffee_07,coffee_1_pat_4cm_dist_40cm__MotoC.jpg,coffee100.jpg
coffee_07,coffee_1_pat_5cm_dist_30cm__MotoC.jpg,coffee101.jpg
coffee_07,coffee_1_pat_5cm_dist_40cm__MotoC.jpg,coffee102.jpg
coffee_10,Coffee_1_pat_6cm_dist_20cm_MotoC.jpg,coffee103.jpg
coffee_10,Coffee_1_pat_6cm_dist_30cm_MotoC.jpg,coffee104.jpg
coffee_10,Coffee_1_pat_6cm_dist_40cm_MotoC.jpg,coffee105.jpg
coffee_08,coffee_2_pat_4cm_dist_30cm__MotoC.jpg,coffee106.jpg
coffee_08,coffee_2_pat_4cm_dist_40cm__MotoC.jpg,coffee107.jpg
coffee_08,coffee_2_pat_5cm_dist_30cm_1_MotoC.jpg,coffee108.jpg
coffee_08,coffee_2_pat_5cm_dist_30cm__MotoC.jpg,coffee109.jpg
coffee_08,coffee_2_pat_5cm_dist_40cm__MotoC.jpg,coffee110.jpg
coffee_09,coffee_3_pat_4cm_dist_30cm__MotoC.jpg,coffee111.jpg
coffee_09,coffee_3_pat_4cm_dist_40cm__MotoC.jpg,coffee112.jpg
coffee_09,coffee_3_pat_5cm_dist_30cm__MotoC.jpg,coffee113.jpg
coffee_09,coffee_3_pat_5cm_dist_40cm__MotoC.jpg,coffee114.jpg
Coffee_group_3l_01,coffee_total_pat_4cm_dist_30cm_MotoC.jpg,coffee115.jpg
Coffee_group_3l_01,coffee_total_pat_4cm_dist_40cm_MotoC.jpg,coffee116.jpg
Coffee_group_3l_01,coffee_total_pat_5cm_dist_30cm_MotoC.jpg,coffee117.jpg
Coffee_group_3l_01,coffee_total_pat_5cm_dist_40cm_MotoC.jpg,coffee118.jpg
Coffee_group_17l_01,All_Coffee_pat_1cm_dist_50cm_OneVision.jpg,coffee119.jpg
Coffee_group_17l_01,All_Coffee_pat_2cm_dist_50cm_OneVision.jpg,coffee120.jpg
Coffee_group_17l_01,All_Coffee_pat_4cm_dist_50cm_OneVision.jpg,coffee121.jpg
Coffee_group_17l_01,All_Coffee_pat_6cm_dist_50cm_OneVision.jpg,coffee122.jpg
coffee_26,Coffee_17_pat_1cm_dist_20cm_OneVision.jpg,coffee123.jpg
coffee_26,Coffee_17_pat_1cm_dist_30cm_OneVision.jpg,coffee124.jpg
coffee_26,Coffee_17_pat_1cm_dist_40cm_OneVision.jpg,coffee125.jpg
coffee_26,Coffee_17_pat_2cm_dist_20cm_OneVision.jpg,coffee126.jpg
coffee_26,Coffee_17_pat_2cm_dist_30cm_OneVision.jpg,coffee127.jpg
coffee_26,Coffee_17_pat_2cm_dist_40cm_OneVision.jpg,coffee128.jpg
coffee_26,Coffee_17_pat_4cm_dist_20cm_OneVision.jpg,coffee129.jpg
coffee_26,Coffee_17_pat_4cm_dist_30cm_OneVision.jpg,coffee130.jpg
coffee_26,Coffee_17_pat_4cm_dist_40cm_OneVision.jpg,coffee131.jpg
coffee_26,Coffee_17_pat_6cm_dist_20cm_OneVision.jpg,coffee132.jpg
coffee_26,Coffee_17_pat_6cm_dist_30cm_OneVision.jpg,coffee133.jpg
coffee_26,Coffee_17_pat_6cm_dist_40cm_OneVision.jpg,coffee134.jpg
coffee_10,Coffee_1_pat_1cm_dist_20cm_OneVision.jpg,coffee135.jpg
coffee_10,Coffee_1_pat_1cm_dist_30cm_OneVision.jpg,coffee136.jpg
coffee_10,Coffee_1_pat_1cm_dist_40cm_OneVision.jpg,coffee137.jpg
coffee_10,Coffee_1_pat_2cm_dist_20cm_OneVision.jpg,coffee138.jpg
coffee_10,Coffee_1_pat_2cm_dist_30cm_OneVision.jpg,coffee139.jpg
coffee_10,Coffee_1_pat_2cm_dist_40cm_OneVision.jpg,coffee140.jpg
coffee_10,Coffee_1_pat_4cm_dist_20cm_OneVision.jpg,coffee141.jpg
coffee_10,Coffee_1_pat_4cm_dist_30cm_OneVision.jpg,coffee142.jpg
coffee_10,Coffee_1_pat_4cm_dist_40cm_OneVision.jpg,coffee143.jpg
coffee_10,Coffee_1_pat_6cm_dist_20cm_OneVision.jpg,coffee144.jpg
coffee_10,Coffee_1_pat_6cm_dist_30cm_OneVision.jpg,coffee145.jpg
coffee_10,Coffee_1_pat_6cm_dist_40cm_OneVision.jpg,coffee146.jpg
Corn_group_4l_01,4_Corn_pat_2cm_center_dist_50cm_MotoC.jpg,corn001.jpg
Corn_group_4l_01,4_Corn_pat_2cm_corner_dist_50cm_MotoC.jpg,corn002.jpg
Corn_group_4l_01,4_Corn_pat_4cm_center_dist_50cm_MotoC.jpg,corn003.jpg
Corn_group_4l_01,4_Corn_pat_4cm_corner_dist_50cm_MotoC.jpg,corn004.jpg
Corn_group_4l_01,4_Corn_pat_6cm_center_dist_50cm_MotoC.jpg,corn005.jpg
Corn_group_4l_01,4_Corn_pat_6cm_corner_dist_50cm_MotoC.jpg,corn006.jpg
Corn_group_6l_01,6_Corn_pat_2cm_dist_70cm_MotoC.jpg,corn007.jpg
Corn_group_6l_01,6_Corn_pat_4cm_dist_70cm_MotoC.jpg,corn008.jpg
Corn_group_6l_01,6_Corn_pat_6cm_dist_70cm_MotoC.jpg,corn009.jpg
Corn_group_7l_02,7_Corn_pat_1cm_dist_50cm_MotoC.jpg,corn010.jpg
Corn_group_7l_02,7_Corn_pat_2cm_dist_50cm_MotoC.jpg,corn011.jpg
Corn_group_7l_02,7_Corn_pat_4cm_dist_50cm_MotoC.jpg,corn012.jpg
Corn_group_7l_02,7_Corn_pat_6cm_dist_50cm_MotoC.jpg,corn013.jpg
Corn_group_9l_01,9_Corn_pat_2cm_center_dist_50cm_MotoC.jpg,corn014.jpg
Corn_group_9l_01,9_Corn_pat_2cm_corner_dist_50cm_MotoC.jpg,corn015.jpg
Corn_group_9l_01,9_Corn_pat_4cm_center_dist_50cm_MotoC.jpg,corn016.jpg
Corn_group_9l_01,9_Corn_pat_4cm_corner_dist_50cm_MotoC.jpg,corn017.jpg
Corn_group_9l_01,9_Corn_pat_6cm_center_dist_50cm_MotoC.jpg,corn018.jpg
Corn_group_9l_01,9_Corn_pat_6cm_corner_dist_50cm_MotoC.jpg,corn019.jpg
corn_01,Corn1_pat_1cm_dist_16cm_MotoC.jpg,corn020.jpg
corn_01,Corn1_pat_1cm_dist_30cm_MotoC.jpg,corn021.jpg
corn_01,Corn1_pat_1cm_dist_40cm_MotoC.jpg,corn022.jpg
corn_01,Corn1_pat_2cm_dist_20cm_MotoC.jpg,corn023.jpg
corn_01,Corn1_pat_2cm_dist_30cm_MotoC.jpg,corn024.jpg
corn_01,Corn1_pat_2cm_dist_40cm_MotoC.jpg,corn025.jpg
corn_01,Corn1_pat_4cm_dist_20cm_MotoC.jpg,corn026.jpg
corn_01,Corn1_pat_4cm_dist_30cm_MotoC.jpg,corn027.jpg
corn_01,Corn1_pat_4cm_dist_40cm_MotoC.jpg,corn028.jpg
corn_08,Corn8_pat_1cm_dist_50cm_MotoC.jpg,corn029.jpg
corn_08,Corn8_pat_2cm_center_dist_50cm_MotoC.jpg,corn030.jpg
corn_08,Corn8_pat_2cm_corner_dist_50cm_MotoC.jpg,corn031.jpg
corn_08,Corn8_pat_4cm_center_dist_50cm_MotoC.jpg,corn032.jpg
corn_08,Corn8_pat_4cm_corner_dist_50cm_MotoC.jpg,corn033.jpg
corn_08,Corn8_pat_6cm_center_dist_50cm_MotoC.jpg,corn034.jpg
corn_08,Corn8_pat_6cm_corner_dist_50cm_MotoC.jpg,corn035.jpg
corn_23,Corn_10_pat_1cm_dist_50cm_MotoC.jpg,corn036.jpg
corn_23,Corn_10_pat_2cm_dist_50cm_MotoC.jpg,corn037.jpg
corn_23,Corn_10_pat_4cm_dist_50cm_MotoC.jpg,corn038.jpg
corn_23,Corn_10_pat_6cm_dist_50cm_MotoC.jpg,corn039.jpg
corn_24,Corn_11_pat_1cm_dist_50cm_MotoC.jpg,corn040.jpg
corn_24,Corn_11_pat_2cm_dist_50cm_MotoC.jpg,corn041.jpg
corn_24,Corn_11_pat_4cm_dist_50cm_MotoC.jpg,corn042.jpg
corn_24,Corn_11_pat_6cm_dist_50cm_MotoC.jpg,corn043.jpg
corn_25,Corn_12_pat_1cm_dist_50cm_MotoC.jpg,corn044.jpg
corn_25,Corn_12_pat_2cm_dist_50cm_MotoC.jpg,corn045.jpg
corn_25,Corn_12_pat_4cm_dist_50cm_MotoC.jpg,corn046.jpg
corn_25,Corn_12_pat_6cm_dist_50cm_MotoC.jpg,corn047.jpg
corn_26,Corn_13_pat_1cm_dist_50cm_MotoC.jpg,corn048.jpg
corn_26,Corn_13_pat_2cm_dist_50cm_MotoC.jpg,corn049.jpg
corn_26,Corn_13_pat_4cm_dist_50cm_MotoC.jpg,corn050.jpg
corn_26,Corn_13_pat_6cm_dist_50cm_MotoC.jpg,corn051.jpg
corn_27,Corn_14_pat_1cm_dist_50cm_MotoC.jpg,corn052.jpg
corn_27,Corn_14_pat_2cm_dist_50cm_MotoC.jpg,corn053.jpg
corn_27,Corn_14_pat_4cm_dist_50cm_MotoC.jpg,corn054.jpg
corn_27,Corn_14_pat_6cm_dist_50cm_MotoC.jpg,corn055.jpg
corn_28,Corn_16_pat_1cm_dist_50cm_MotoC.jpg,corn056.jpg
corn_28,Corn_16_pat_2cm_dist_50cm_MotoC.jpg,corn057.jpg
corn_28,Corn_16_pat_4cm_dist_50cm_MotoC.jpg,corn058.jpg
corn_28,Corn_16_pat_6cm_dist_50cm_MotoC.jpg,corn059.jpg
corn_29,Corn_18_pat_1cm_dist_50cm_MotoC.jpg,corn060.jpg
corn_29,Corn_18_pat_2cm_dist_50cm_MotoC.jpg,corn061.jpg
corn_29,Corn_18_pat_4cm_dist_50cm_MotoC.jpg,corn062.jpg
corn_29,Corn_18_pat_6cm_dist_50cm_MotoC.jpg,corn063.jpg
corn_30,Corn_19_pat_1cm_dist_50cm_MotoC.jpg,corn064.jpg
corn_30,Corn_19_pat_2cm_dist_50cm_MotoC.jpg,corn065.jpg
corn_30,Corn_19_pat_4cm_dist_50cm_MotoC.jpg,corn066.jpg
corn_30,Corn_19_pat_6cm_dist_50cm_MotoC.jpg,corn067.jpg
corn_14,Corn_1_pat_1cm_dist_50cm_MotoC.jpg,corn068.jpg
corn_14,Corn_1_pat_2cm_dist_50cm_MotoC.jpg,corn069.jpg
corn_14,Corn_1_pat_4cm_dist_50cm_MotoC.jpg,corn070.jpg
corn_14,Corn_1_pat_6cm_dist_50cm_MotoC.jpg,corn071.jpg
corn_15,Corn_2_pat_1cm_dist_50cm_MotoC.jpg,corn072.jpg
corn_15,Corn_2_pat_2cm_dist_50cm_MotoC.jpg,corn073.jpg
corn_15,Corn_2_pat_4cm_dist_50cm_MotoC.jpg,corn074.jpg
corn_15,Corn_2_pat_6cm_dist_50cm_MotoC.jpg,corn075.jpg
corn_16,Corn_3_pat_1cm_dist_50cm_MotoC.jpg,corn076.jpg
corn_16,Corn_3_pat_2cm_dist_50cm_MotoC.jpg,corn077.jpg
corn_16,Corn_3_pat_4cm_dist_50cm_MotoC.jpg,corn078.jpg
corn_16,Corn_3_pat_6cm_dist_50cm_MotoC.jpg,corn079.jpg
corn_17,Corn_4_pat_1cm_dist_50cm_MotoC.jpg,corn080.jpg
corn_17,Corn_4_pat_2cm_dist_50cm_MotoC.jpg,corn081.jpg
corn_17,Corn_4_pat_4cm_dist_50cm_MotoC.jpg,corn082.jpg
corn_17,Corn_4_pat_6cm_dist_50cm_MotoC.jpg,corn083.jpg
corn_18,Corn_5_pat_1cm_dist_50cm_MotoC.jpg,corn084.jpg
corn_18,Corn_5_pat_2cm_dist_50cm_MotoC.jpg,corn085.jpg
corn_18,Corn_5_pat_4cm_dist_50cm_MotoC.jpg,corn086.jpg
corn_18,Corn_5_pat_6cm_dist_50cm_MotoC.jpg,corn087.jpg
corn_19,Corn_6_pat_1cm_dist_50cm_MotoC.jpg,corn088.jpg
corn_19,Corn_6_pat_2cm_dist_50cm_MotoC.jpg,corn089.jpg
corn_19,Corn_6_pat_4cm_dist_50cm_MotoC.jpg,corn090.jpg
corn_19,Corn_6_pat_6cm_dist_50cm_MotoC.jpg,corn091.jpg
corn_20,Corn_7_pat_1cm_dist_50cm_MotoC.jpg,corn092.jpg
corn_20,Corn_7_pat_2cm_dist_50cm_MotoC.jpg,corn093.jpg
corn_20,Corn_7_pat_4cm_dist_50cm_MotoC.jpg,corn094.jpg
corn_20,Corn_7_pat_6cm_dist_50cm_MotoC.jpg,corn095.jpg
corn_21,Corn_8_pat_1cm_dist_50cm_MotoC.jpg,corn096.jpg
corn_21,Corn_8_pat_2cm_dist_50cm_MotoC.jpg,corn097.jpg
corn_21,Corn_8_pat_4cm_dist_50cm_MotoC.jpg,corn098.jpg
corn_21,Corn_8_pat_6cm_dist_50cm_MotoC.jpg,corn099.jpg
corn_22,Corn_9_pat_1cm_dist_50cm_MotoC.jpg,corn100.jpg
corn_22,Corn_9_pat_2cm_dist_50cm_MotoC.jpg,corn101.jpg
corn_22,Corn_9_pat_4cm_dist_50cm_MotoC.jpg,corn102.jpg
corn_22,Corn_9_pat_6cm_dist_50cm_MotoC.jpg,corn103.jpg
Corn_group_4l_01,4_Corn_pat_2cm_center_dist_50cm_OneVision.jpg,corn104.jpg
Corn_group_4l_01,4_Corn_pat_2cm_corner_dist_50cm_OneVision.jpg,corn105.jpg
Corn_group_4l_01,4_Corn_pat_4cm_center_dist_50cm_OneVision.jpg,corn106.jpg
Corn_group_4l_01,4_Corn_pat_4cm_corner_dist_50cm_OneVision.jpg,corn107.jpg
Corn_group_4l_01,4_Corn_pat_6cm_center_dist_50cm_OneVision.jpg,corn108.jpg
Corn_group_4l_01,4_Corn_pat_6cm_corner_dist_50cm_OneVision.jpg,corn109.jpg
Corn_group_6l_01,6_Corn_pat_2cm_dist_70cm_OneVision.jpg,corn110.jpg
Corn_group_6l_01,6_Corn_pat_4cm_dist_70cm_OneVision.jpg,corn111.jpg
Corn_group_6l_01,6_Corn_pat_6cm_dist_70cm_OneVision.jpg,corn112.jpg
Corn_group_7l_01,7_Corn_pat_1cm_dist_50cm_OneVision.jpg,corn113.jpg
Corn_group_7l_02,7_Corn_pat_2cm_dist_50cm_OneVision.jpg,corn114.jpg
Corn_group_7l_02,7_Corn_pat_4cm_dist_50cm_OneVision.jpg,corn115.jpg
Corn_group_7l_02,7_Corn_pat_6cm_dist_50cm_OneVision.jpg,corn116.jpg
Corn_group_9l_01,9_Corn_pat_2cm_center_dist_50cm_OneVision.jpg,corn117.jpg
Corn_group_9l_01,9_Corn_pat_2cm_corner_dist_50cm_OneVision.jpg,corn118.jpg
Corn_group_9l_01,9_Corn_pat_4cm_center_dist_50cm_OneVision.jpg,corn119.jpg
Corn_group_9l_01,9_Corn_pat_4cm_corner_dist_50cm_OneVision.jpg,corn120.jpg
Corn_group_9l_01,9_Corn_pat_6cm_center_dist_50cm_OneVision.jpg,corn121.jpg
Corn_group_9l_01,9_Corn_pat_6cm_corner_dist_50cm_OneVision.jpg,corn122.jpg
corn_01,Corn1_pat_1cm_dist_30cm_OneVision.jpg,corn123.jpg
corn_01,Corn1_pat_1cm_dist_40cm_OneVision.jpg,corn124.jpg
corn_01,Corn1_pat_4cm_dist_20cm_OneVision.jpg,corn125.jpg
corn_01,Corn1_pat_4cm_dist_30cm_OneVision.jpg,corn126.jpg
corn_01,Corn1_pat_4cm_dist_40cm_OneVision.jpg,corn127.jpg
corn_08,Corn8_pat_1cm_dist_50cm_OneVision.jpg,corn128.jpg
corn_08,Corn8_pat_2cm_center_dist_50cm_OneVision.jpg,corn129.jpg
corn_08,Corn8_pat_2cm_corner_dist_50cm_OneVision.jpg,corn130.jpg
corn_08,Corn8_pat_4cm_center_dist_50cm_OneVision.jpg,corn131.jpg
corn_08,Corn8_pat_4cm_corner_dist_50cm_OneVision.jpg,corn132.jpg
corn_08,Corn8_pat_6cm_center_dist_50cm_OneVision.jpg,corn133.jpg
corn_08,Corn8_pat_6cm_corner_dist_50cm_OneVision.jpg,corn134.jpg
corn_23,Corn_10_pat_1cm_dist_50cm_OneVision.jpg,corn135.jpg
corn_23,Corn_10_pat_2cm_dist_50cm_OneVision.jpg,corn136.jpg
corn_23,Corn_10_pat_4cm_dist_50cm_OneVision.jpg,corn137.jpg
corn_23,Corn_10_pat_6cm_dist_50cm_OneVision.jpg,corn138.jpg
corn_24,Corn_11_pat_1cm_dist_50cm_OneVision.jpg,corn139.jpg
corn_24,Corn_11_pat_2cm_dist_50cm_OneVision.jpg,corn140.jpg
corn_24,Corn_11_pat_4cm_dist_50cm_OneVision.jpg,corn141.jpg
corn_24,Corn_11_pat_6cm_dist_50cm_OneVision.jpg,corn142.jpg
corn_25,Corn_12_pat_1cm_dist_50cm_OneVision.jpg,corn143.jpg
corn_25,Corn_12_pat_2cm_dist_50cm_OneVision.jpg,corn144.jpg
corn_25,Corn_12_pat_4cm_dist_50cm_OneVision.jpg,corn145.jpg
corn_25,Corn_12_pat_6cm_dist_50cm_OneVision.jpg,corn146.jpg
corn_26,Corn_13_pat_1cm_dist_50cm_OneVision.jpg,corn147.jpg
corn_26,Corn_13_pat_2cm_dist_50cm_OneVision.jpg,corn148.jpg
corn_26,Corn_13_pat_4cm_dist_50cm_OneVision.jpg,corn149.jpg
corn_26,Corn_13_pat_6cm_dist_50cm_OneVision.jpg,corn150.jpg
corn_27,Corn_14_pat_1cm_dist_50cm_OneVision.jpg,corn151.jpg
corn_27,Corn_14_pat_2cm_dist_50cm_OneVision.jpg,corn152.jpg
corn_27,Corn_14_pat_4cm_dist_50cm_OneVision.jpg,corn153.jpg
corn_27,Corn_14_pat_6cm_dist_50cm_OneVision.jpg,corn154.jpg
corn_28,Corn_16_pat_1cm_dist_50cm_OneVision.jpg,corn155.jpg
corn_28,Corn_16_pat_2cm_dist_50cm_OneVision.jpg,corn156.jpg
corn_28,Corn_16_pat_4cm_dist_50cm_OneVision.jpg,corn157.jpg
corn_28,Corn_16_pat_6cm_dist_50cm_OneVision.jpg,corn158.jpg
corn_29,Corn_18_pat_1cm_dist_50cm_OneVision.jpg,corn159.jpg
corn_29,Corn_18_pat_2cm_dist_50cm_OneVision.jpg,corn160.jpg
corn_29,Corn_18_pat_4cm_dist_50cm_OneVision.jpg,corn161.jpg
corn_29,Corn_18_pat_6cm_dist_50cm_OneVision.jpg,corn162.jpg
corn_30,Corn_19_pat_1cm_dist_50cm_OneVision.jpg,corn163.jpg
corn_30,Corn_19_pat_2cm_dist_50cm_OneVision.jpg,corn164.jpg
corn_30,Corn_19_pat_4cm_dist_50cm_OneVision.jpg,corn165.jpg
corn_30,Corn_19_pat_6cm_dist_50cm_OneVision.jpg,corn166.jpg
corn_14,Corn_1_pat_1cm_dist_50cm_OneVision.jpg,corn167.jpg
corn_14,Corn_1_pat_2cm_dist_50cm_OneVision.jpg,corn168.jpg
corn_14,Corn_1_pat_4cm_dist_50cm_OneVision.jpg,corn169.jpg
corn_14,Corn_1_pat_6cm_dist_50cm_OneVision.jpg,corn170.jpg
corn_15,Corn_2_pat_1cm_dist_50cm_OneVision.jpg,corn171.jpg
corn_15,Corn_2_pat_2cm_dist_50cm_OneVision.jpg,corn172.jpg
corn_15,Corn_2_pat_4cm_dist_50cm_OneVision.jpg,corn173.jpg
corn_15,Corn_2_pat_6cm_dist_50cm_OneVision.jpg,corn174.jpg
corn_16,Corn_3_pat_1cm_dist_50cm_OneVision.jpg,corn175.jpg
corn_16,Corn_3_pat_2cm_dist_50cm_OneVision.jpg,corn176.jpg
corn_16,Corn_3_pat_4cm_dist_50cm_OneVision.jpg,corn177.jpg
corn_16,Corn_3_pat_6cm_dist_50cm_OneVision.jpg,corn178.jpg
corn_17,Corn_4_pat_1cm_dist_50cm_OneVision.jpg,corn179.jpg
corn_17,Corn_4_pat_2cm_dist_50cm_OneVision.jpg,corn180.jpg
corn_17,Corn_4_pat_4cm_dist_50cm_OneVision.jpg,corn181.jpg
corn_17,Corn_4_pat_6cm_dist_50cm_OneVision.jpg,corn182.jpg
corn_18,Corn_5_pat_1cm_dist_50cm_OneVision.jpg,corn183.jpg
corn_18,Corn_5_pat_2cm_dist_50cm_OneVision.jpg,corn184.jpg
corn_18,Corn_5_pat_4cm_dist_50cm_OneVision.jpg,corn185.jpg
corn_18,Corn_5_pat_6cm_dist_50cm_OneVision.jpg,corn186.jpg
corn_19,Corn_6_pat_1cm_dist_50cm_OneVision.jpg,corn187.jpg
corn_19,Corn_6_pat_2cm_dist_50cm_OneVision.jpg,corn188.jpg
corn_19,Corn_6_pat_4cm_dist_50cm_OneVision.jpg,corn189.jpg
corn_19,Corn_6_pat_6cm_dist_50cm_OneVision.jpg,corn190.jpg
corn_20,Corn_7_pat_1cm_dist_50cm_OneVision.jpg,corn191.jpg
corn_20,Corn_7_pat_2cm_dist_50cm_OneVision.jpg,corn192.jpg
corn_20,Corn_7_pat_4cm_dist_50cm_OneVision.jpg,corn193.jpg
corn_20,Corn_7_pat_6cm_dist_50cm_OneVision.jpg,corn194.jpg
corn_21,Corn_8_pat_1cm_dist_50cm_OneVision.jpg,corn195.jpg
corn_21,Corn_8_pat_2cm_dist_50cm_OneVision.jpg,corn196.jpg
corn_21,Corn_8_pat_4cm_dist_50cm_OneVision.jpg,corn197.jpg
corn_21,Corn_8_pat_6cm_dist_50cm_OneVision.jpg,corn198.jpg
corn_22,Corn_9_pat_1cm_dist_50cm_OneVision.jpg,corn199.jpg
corn_22,Corn_9_pat_2cm_dist_50cm_OneVision.jpg,corn200.jpg
corn_22,Corn_9_pat_4cm_dist_50cm_OneVision.jpg,corn201.jpg
corn_22,Corn_9_pat_6cm_dist_50cm_OneVision.jpg,corn202.jpg
Cotton_group_11l_01,All_Cotton_pat_1cm_dist_50cm_MotoC.jpg,cotton001.jpg
Cotton_group_11l_01,All_Cotton_pat_2cm_center_dist_50cm_MotoC.jpg,cotton002.jpg
Cotton_group_11l_01,All_Cotton_pat_2cm_corner_dist_50cm_MotoC.jpg,cotton003.jpg
Cotton_group_11l_01,All_Cotton_pat_4cm_center_dist_50cm_MotoC.jpg,cotton004.jpg
Cotton_group_11l_01,All_Cotton_pat_4cm_corner_dist_50cm_MotoC.jpg,cotton005.jpg
Cotton_group_11l_01,All_Cotton_pat_6cm_center_dist_50cm_MotoC.jpg,cotton006.jpg
Cotton_group_11l_01,All_Cotton_pat_6cm_corner_dist_50cm_MotoC.jpg,cotton007.jpg
cotton_01,Cotton1_pat_1cm_dist_15cm_MotoC.jpg,cotton008.jpg
cotton_01,Cotton1_pat_1cm_dist_20cm_MotoC.jpg,cotton009.jpg
cotton_01,Cotton1_pat_1cm_dist_30cm_MotoC.jpg,cotton010.jpg
cotton_01,Cotton1_pat_1cm_dist_40cm_MotoC.jpg,cotton011.jpg
cotton_01,Cotton1_pat_2cm_dist_15cm_MotoC.jpg,cotton012.jpg
cotton_01,Cotton1_pat_2cm_dist_20cm_MotoC.jpg,cotton013.jpg
cotton_01,Cotton1_pat_2cm_dist_30cm_MotoC.jpg,cotton014.jpg
cotton_01,Cotton1_pat_2cm_dist_40cm_MotoC.jpg,cotton015.jpg
cotton_01,Cotton1_pat_4cm_dist_15cm_MotoC.jpg,cotton016.jpg
cotton_01,Cotton1_pat_4cm_dist_20cm_MotoC.jpg,cotton017.jpg
cotton_01,Cotton1_pat_4cm_dist_30cm_MotoC.jpg,cotton018.jpg
cotton_01,Cotton1_pat_4cm_dist_40cm_MotoC.jpg,cotton019.jpg
cotton_09,Cotton9_pat_1cm_dist_20cm_MotoC.jpg,cotton020.jpg
cotton_09,Cotton9_pat_1cm_dist_30cm_MotoC.jpg,cotton021.jpg
cotton_09,Cotton9_pat_1cm_dist_40cm_MotoC.jpg,cotton022.jpg
cotton_09,Cotton9_pat_2cm_dist_20cm_MotoC.jpg,cotton023.jpg
cotton_09,Cotton9_pat_2cm_dist_30cm_MotoC.jpg,cotton024.jpg
cotton_09,Cotton9_pat_2cm_dist_40cm_MotoC.jpg,cotton025.jpg
cotton_09,Cotton9_pat_4cm_dist_20cm_MotoC.jpg,cotton026.jpg
cotton_09,Cotton9_pat_4cm_dist_30cm_MotoC.jpg,cotton027.jpg
cotton_09,Cotton9_pat_4cm_dist_40cm_MotoC.jpg,cotton028.jpg
Cotton_group_11l_01,All_Cotton_pat_1cm_dist_50cm_OneVision.jpg,cotton029.jpg
Cotton_group_11l_01,All_Cotton_pat_2cm_center_dist_50cm_OneVision.jpg,cotton030.jpg
Cotton_group_11l_01,All_Cotton_pat_2cm_corner_dist_50cm_OneVision.jpg,cotton031.jpg
Cotton_group_11l_01,All_Cotton_pat_4cm_center_dist_50cm_OneVision.jpg,cotton032.jpg
Cotton_group_11l_01,All_Cotton_pat_4cm_corner_dist_50cm_OneVision.jpg,cotton033.jpg
Cotton_group_11l_01,All_Cotton_pat_6cm_center_dist_50cm_OneVision.jpg,cotton034.jpg
Cotton_group_11l_01,All_Cotton_pat_6cm_corner_dist_50cm_OneVision.jpg,cotton035.jpg
cotton_01,Cotton1_pat_1cm_dist_15cm_OneVision.jpg,cotton036.jpg
cotton_01,Cotton1_pat_1cm_dist_20cm_OneVision.jpg,cotton037.jpg
cotton_01,Cotton1_pat_1cm_dist_30cm_OneVision.jpg,cotton038.jpg
cotton_01,Cotton1_pat_1cm_dist_40cm_OneVision.jpg,cotton039.jpg
cotton_01,Cotton1_pat_2cm_dist_15cm_OneVision.jpg,cotton040.jpg
cotton_01,Cotton1_pat_2cm_dist_20cm_OneVision.jpg,cotton041.jpg
cotton_01,Cotton1_pat_2cm_dist_30cm_OneVision.jpg,cotton042.jpg
cotton_01,Cotton1_pat_2cm_dist_40cm_OneVision.jpg,cotton043.jpg
cotton_01,Cotton1_pat_4cm_dist_15cm_OneVision.jpg,cotton044.jpg
cotton_01,Cotton1_pat_4cm_dist_20cm_OneVision.jpg,cotton045.jpg
cotton_01,Cotton1_pat_4cm_dist_30cm_OneVision.jpg,cotton046.jpg
cotton_01,Cotton1_pat_4cm_dist_40cm_OneVision.jpg,cotton047.jpg
cotton_09,Cotton9_pat_1cm_dist_20cm_OneVision.jpg,cotton048.jpg
cotton_09,Cotton9_pat_1cm_dist_30cm_OneVision.jpg,cotton049.jpg
cotton_09,Cotton9_pat_1cm_dist_40cm_OneVision.jpg,cotton050.jpg
cotton_09,Cotton9_pat_2cm_dist_20cm_OneVision.jpg,cotton051.jpg
cotton_09,Cotton9_pat_2cm_dist_30cm_OneVision.jpg,cotton052.jpg
cotton_09,Cotton9_pat_2cm_dist_40cm_OneVision.jpg,cotton053.jpg
cotton_09,Cotton9_pat_4cm_dist_20cm_OneVision.jpg,cotton054.jpg
cotton_09,Cotton9_pat_4cm_dist_30cm_OneVision.jpg,cotton055.jpg
cotton_09,Cotton9_pat_4cm_dist_40cm_OneVision.jpg,cotton056.jpg
Cotton_group_3l_01,Cotton_pat_1cm_scan.jpg,cotton057.jpg
Cotton_group_3l_01,Cotton_pat_1cm_scan_2.jpg,cotton058.jpg
Cotton_group_3l_01,Cotton_pat_1cm_scan_3.jpg,cotton059.jpg
cotton_09,Cotton_pat_1cm_scan_4.jpg,cotton060.jpg
Cotton_group_3l_01,Cotton_pat_1cm_scan_5.jpg,cotton061.jpg
eucalyptus_10,eucalyptus_10_pat_4cm_dist_30cm_LGK10.jpg,eucalyptus001.jpg
eucalyptus_10,eucalyptus_10_pat_4cm_dist_40cm_LGK10.jpg,eucalyptus002.jpg
eucalyptus_10,eucalyptus_10_pat_5cm_dist_30cm_LGK10.jpg,eucalyptus003.jpg
eucalyptus_10,eucalyptus_10_pat_5cm_dist_40cm_LGK10.jpg,eucalyptus004.jpg
eucalyptus_01,eucalyptus_1_pat_4cm_dist_30cm_LGK10.jpg,eucalyptus005.jpg
eucalyptus_01,eucalyptus_1_pat_4cm_dist_40cm_LGK10.jpg,eucalyptus006.jpg
eucalyptus_01,eucalyptus_1_pat_5cm_dist_30cm_LGK10.jpg,eucalyptus007.jpg
eucalyptus_01,eucalyptus_1_pat_5cm_dist_40cm_LGK10.jpg,eucalyptus008.jpg
eucalyptus_02,eucalyptus_2_pat_4cm_dist_30cm_LGK10.jpg,eucalyptus009.jpg
eucalyptus_02,eucalyptus_2_pat_4cm_dist_40cm_LGK10.jpg,eucalyptus010.jpg
eucalyptus_02,eucalyptus_2_pat_5cm_dist_30cm_LGK10.jpg,eucalyptus011.jpg
eucalyptus_02,eucalyptus_2_pat_5cm_dist_40cm_LGK10.jpg,eucalyptus012.jpg
eucalyptus_03,eucalyptus_3_pat_4cm_dist_30cm_LGK10.jpg,eucalyptus013.jpg
eucalyptus_03,eucalyptus_3_pat_4cm_dist_40cm_LGK10.jpg,eucalyptus014.jpg
eucalyptus_03,eucalyptus_3_pat_5cm_dist_30cm_LGK10.jpg,eucalyptus015.jpg
eucalyptus_03,eucalyptus_3_pat_5cm_dist_40cm_LGK10.jpg,eucalyptus016.jpg
eucalyptus_04,eucalyptus_4_pat_4cm_dist_30cm_LGK10.jpg,eucalyptus017.jpg
eucalyptus_04,eucalyptus_4_pat_4cm_dist_40cm_LGK10.jpg,eucalyptus018.jpg
eucalyptus_04,eucalyptus_4_pat_5cm_dist_30cm_LGK10.jpg,eucalyptus019.jpg
eucalyptus_04,eucalyptus_4_pat_5cm_dist_40cm_LGK10.jpg,eucalyptus020.jpg
eucalyptus_05,eucalyptus_5_pat_4cm_dist_30cm_LGK10.jpg,eucalyptus021.jpg
eucalyptus_05,eucalyptus_5_pat_4cm_dist_40cm_LGK10.jpg,eucalyptus022.jpg
eucalyptus_05,eucalyptus_5_pat_5cm_dist_30cm_LGK10.jpg,eucalyptus023.jpg
eucalyptus_05,eucalyptus_5_pat_5cm_dist_40cm_LGK10.jpg,eucalyptus024.jpg
eucalyptus_06,eucalyptus_6_pat_4cm_dist_30cm_LGK10.jpg,eucalyptus025.jpg
eucalyptus_06,eucalyptus_6_pat_4cm_dist_40cm_LGK10.jpg,eucalyptus026.jpg
eucalyptus_06,eucalyptus_6_pat_5cm_dist_30cm_LGK10.jpg,eucalyptus027.jpg
eucalyptus_06,eucalyptus_6_pat_5cm_dist_40cm_LGK10.jpg,eucalyptus028.jpg
eucalyptus_07,eucalyptus_7_pat_4cm_dist_30cm_LGK10.jpg,eucalyptus029.jpg
eucalyptus_07,eucalyptus_7_pat_4cm_dist_40cm_LGK10.jpg,eucalyptus030.jpg
eucalyptus_07,eucalyptus_7_pat_5cm_dist_30cm_LGK10.jpg,eucalyptus031.jpg
eucalyptus_07,eucalyptus_7_pat_5cm_dist_40cm_LGK10.jpg,eucalyptus032.jpg
eucalyptus_08,eucalyptus_8_pat_4cm_dist_30cm_LGK10.jpg,eucalyptus033.jpg
eucalyptus_08,eucalyptus_8_pat_4cm_dist_40cm_LGK10.jpg,eucalyptus034.jpg
eucalyptus_08,eucalyptus_8_pat_5cm_dist_30cm_LGK10.jpg,eucalyptus035.jpg
eucalyptus_08,eucalyptus_8_pat_5cm_dist_40cm_LGK10.jpg,eucalyptus036.jpg
eucalyptus_09,eucalyptus_9_pat_4cm_dist_30cm_LGK10.jpg,eucalyptus037.jpg
eucalyptus_09,eucalyptus_9_pat_4cm_dist_40cm_LGK10.jpg,eucalyptus038.jpg
eucalyptus_09,eucalyptus_9_pat_5cm_dist_30cm_LGK10.jpg,eucalyptus039.jpg
eucalyptus_09,eucalyptus_9_pat_5cm_dist_40cm_LGK10.jpg,eucalyptus040.jpg
Eucalyptus_group_10l_01,eucalyptus_total_pat_4cm_dist_40cm_LGK10.jpg,eucalyptus041.jpg
Eucalyptus_group_10l_01,eucalyptus_total_pat_5cm_dist_40cm_LGK10.jpg,eucalyptus042.jpg
Eucalyptus_group_21l_01,All_Eucalyptus_pat_2cm_dist_50cm_MotoC.jpg,eucalyptus043.jpg
Eucalyptus_group_21l_01,All_Eucalyptus_pat_4cm_dist_50cm_MotoC.jpg,eucalyptus044.jpg
Eucalyptus_group_21l_01,All_Eucalyptus_pat_6cm_dist_50cm_MotoC.jpg,eucalyptus045.jpg
eucalyptus_10,eucalyptus_10_pat_4cm_dist_30cm_MotoC.jpg,eucalyptus046.jpg
eucalyptus_10,eucalyptus_10_pat_4cm_dist_40cm_MotoC.jpg,eucalyptus047.jpg
eucalyptus_10,eucalyptus_10_pat_5cm_dist_30cm_MotoC.jpg,eucalyptus048.jpg
eucalyptus_10,eucalyptus_10_pat_5cm_dist_40cm_MotoC.jpg,eucalyptus049.jpg
eucalyptus_22,Eucalyptus_12_pat_1cm_dist_20cm_MotoC.jpg,eucalyptus050.jpg
eucalyptus_22,Eucalyptus_12_pat_1cm_dist_30cm_MotoC.jpg,eucalyptus051.jpg
eucalyptus_22,Eucalyptus_12_pat_1cm_dist_40cm_MotoC.jpg,eucalyptus052.jpg
eucalyptus_22,Eucalyptus_12_pat_2cm_dist_20cm_MotoC.jpg,eucalyptus053.jpg
eucalyptus_22,Eucalyptus_12_pat_2cm_dist_30cm_MotoC.jpg,eucalyptus054.jpg
eucalyptus_22,Eucalyptus_12_pat_2cm_dist_40cm_MotoC.jpg,eucalyptus055.jpg
eucalyptus_22,Eucalyptus_12_pat_4cm_dist_20cm_MotoC.jpg,eucalyptus056.jpg
eucalyptus_22,Eucalyptus_12_pat_4cm_dist_30cm_MotoC.jpg,eucalyptus057.jpg
eucalyptus_22,Eucalyptus_12_pat_4cm_dist_40cm_MotoC.jpg,eucalyptus058.jpg
eucalyptus_22,Eucalyptus_12_pat_6cm_dist_20cm_MotoC.jpg,eucalyptus059.jpg
eucalyptus_22,Eucalyptus_12_pat_6cm_dist_30cm_MotoC.jpg,eucalyptus060.jpg
eucalyptus_22,Eucalyptus_12_pat_6cm_dist_40cm_MotoC.jpg,eucalyptus061.jpg
eucalyptus_25,Eucalyptus_15_pat_1cm_dist_20cm_MotoC.jpg,eucalyptus062.jpg
eucalyptus_25,Eucalyptus_15_pat_1cm_dist_30cm_MotoC.jpg,eucalyptus063.jpg
eucalyptus_25,Eucalyptus_15_pat_1cm_dist_40cm_MotoC.jpg,eucalyptus064.jpg
eucalyptus_25,Eucalyptus_15_pat_2cm_dist_20cm_MotoC.jpg,eucalyptus065.jpg
eucalyptus_25,Eucalyptus_15_pat_2cm_dist_30cm_MotoC.jpg,eucalyptus066.jpg
eucalyptus_25,Eucalyptus_15_pat_2cm_dist_40cm_MotoC.jpg,eucalyptus067.jpg
eucalyptus_25,Eucalyptus_15_pat_4cm_dist_20cm_MotoC.jpg,eucalyptus068.jpg
eucalyptus_25,Eucalyptus_15_pat_4cm_dist_30cm_MotoC.jpg,eucalyptus069.jpg
eucalyptus_25,Eucalyptus_15_pat_4cm_dist_40cm_MotoC.jpg,eucalyptus070.jpg
eucalyptus_25,Eucalyptus_15_pat_6cm_dist_20cm_MotoC.jpg,eucalyptus071.jpg
eucalyptus_25,Eucalyptus_15_pat_6cm_dist_30cm_MotoC.jpg,eucalyptus072.jpg
eucalyptus_25,Eucalyptus_15_pat_6cm_dist_40cm_MotoC.jpg,eucalyptus073.jpg
eucalyptus_01,eucalyptus_1_pat_4cm_dist_30cm_MotoC.jpg,eucalyptus074.jpg
eucalyptus_01,eucalyptus_1_pat_4cm_dist_40cm_MotoC.jpg,eucalyptus075.jpg
eucalyptus_01,eucalyptus_1_pat_5cm_dist_30cm_MotoC.jpg,eucalyptus076.jpg
eucalyptus_01,eucalyptus_1_pat_5cm_dist_40cm_MotoC.jpg,eucalyptus077.jpg
eucalyptus_31,Eucalyptus_21_pat_1cm_dist_20cm_MotoC.jpg,eucalyptus078.jpg
eucalyptus_31,Eucalyptus_21_pat_1cm_dist_30cm_MotoC.jpg,eucalyptus079.jpg
eucalyptus_31,Eucalyptus_21_pat_1cm_dist_40cm_MotoC.jpg,eucalyptus080.jpg
eucalyptus_31,Eucalyptus_21_pat_2cm_dist_20cm_MotoC.jpg,eucalyptus081.jpg
eucalyptus_31,Eucalyptus_21_pat_2cm_dist_30cm_MotoC.jpg,eucalyptus082.jpg
eucalyptus_31,Eucalyptus_21_pat_2cm_dist_40cm_MotoC.jpg,eucalyptus083.jpg
eucalyptus_31,Eucalyptus_21_pat_4cm_dist_20cm_MotoC.jpg,eucalyptus084.jpg
eucalyptus_31,Eucalyptus_21_pat_4cm_dist_30cm_MotoC.jpg,eucalyptus085.jpg
eucalyptus_31,Eucalyptus_21_pat_4cm_dist_40cm_MotoC.jpg,eucalyptus086.jpg
eucalyptus_31,Eucalyptus_21_pat_6cm_dist_20cm_MotoC.jpg,eucalyptus087.jpg
eucalyptus_31,Eucalyptus_21_pat_6cm_dist_30cm_MotoC.jpg,eucalyptus088.jpg
eucalyptus_31,Eucalyptus_21_pat_6cm_dist_40cm_MotoC.jpg,eucalyptus089.jpg
eucalyptus_02,eucalyptus_2_pat_4cm_dist_30cm_MotoC.jpg,eucalyptus090.jpg
eucalyptus_02,eucalyptus_2_pat_4cm_dist_40cm_MotoC.jpg,eucalyptus091.jpg
eucalyptus_02,eucalyptus_2_pat_5cm_dist_30cm_MotoC.jpg,eucalyptus092.jpg
eucalyptus_02,eucalyptus_2_pat_5cm_dist_40cm_MotoC.jpg,eucalyptus093.jpg
eucalyptus_03,eucalyptus_3_pat_4cm_dist_30cm_MotoC.jpg,eucalyptus094.jpg
eucalyptus_03,eucalyptus_3_pat_4cm_dist_40cm_MotoC.jpg,eucalyptus095.jpg
eucalyptus_03,eucalyptus_3_pat_5cm_dist_30cm_MotoC.jpg,eucalyptus096.jpg
eucalyptus_03,eucalyptus_3_pat_5cm_dist_40cm_MotoC.jpg,eucalyptus097.jpg
eucalyptus_04,eucalyptus_4_pat_4cm_dist_30cm_MotoC.jpg,eucalyptus098.jpg
eucalyptus_04,eucalyptus_4_pat_4cm_dist_40cm_MotoC.jpg,eucalyptus099.jpg
eucalyptus_04,eucalyptus_4_pat_5cm_dist_30cm_MotoC.jpg,eucalyptus100.jpg
eucalyptus_04,eucalyptus_4_pat_5cm_dist_40cm_MotoC.jpg,eucalyptus101.jpg
eucalyptus_05,eucalyptus_5_pat_4cm_dist_30cm_MotoC.jpg,eucalyptus102.jpg
eucalyptus_05,eucalyptus_5_pat_4cm_dist_40cm_MotoC.jpg,eucalyptus103.jpg
eucalyptus_05,eucalyptus_5_pat_5cm_dist_30cm_MotoC.jpg,eucalyptus104.jpg
eucalyptus_05,eucalyptus_5_pat_5cm_dist_40cm_MotoC.jpg,eucalyptus105.jpg
eucalyptus_06,eucalyptus_6_pat_4cm_dist_30cm_MotoC.jpg,eucalyptus106.jpg
eucalyptus_06,eucalyptus_6_pat_4cm_dist_40cm_MotoC.jpg,eucalyptus107.jpg
eucalyptus_06,eucalyptus_6_pat_5cm_dist_30cm_MotoC.jpg,eucalyptus108.jpg
eucalyptus_06,eucalyptus_6_pat_5cm_dist_40cm_MotoC.jpg,eucalyptus109.jpg
eucalyptus_07,eucalyptus_7_pat_4cm_dist_30cm_MotoC.jpg,eucalyptus110.jpg
eucalyptus_07,eucalyptus_7_pat_4cm_dist_40cm_MotoC.jpg,eucalyptus111.jpg
eucalyptus_07,eucalyptus_7_pat_5cm_dist_30cm_MotoC.jpg,eucalyptus112.jpg
eucalyptus_07,eucalyptus_7_pat_5cm_dist_40cm_MotoC.jpg,eucalyptus113.jpg
eucalyptus_08,eucalyptus_8_pat_4cm_dist_30cm_MotoC.jpg,eucalyptus114.jpg
eucalyptus_08,eucalyptus_8_pat_4cm_dist_40cm_MotoC.jpg,eucalyptus115.jpg
eucalyptus_08,eucalyptus_8_pat_5cm_dist_30cm_MotoC.jpg,eucalyptus116.jpg
eucalyptus_08,eucalyptus_8_pat_5cm_dist_40cm_MotoC.jpg,eucalyptus117.jpg
eucalyptus_09,eucalyptus_9_pat_4cm_dist_30cm_MotoC.jpg,eucalyptus118.jpg
eucalyptus_09,eucalyptus_9_pat_4cm_dist_40cm_MotoC.jpg,eucalyptus119.jpg
eucalyptus_09,eucalyptus_9_pat_5cm_dist_30cm_MotoC.jpg,eucalyptus120.jpg
eucalyptus_09,eucalyptus_9_pat_5cm_dist_40cm_MotoC.jpg,eucalyptus121.jpg
Eucalyptus_group_10l_01,eucalyptus_total_pat_4cm_dist_40cm_MotoC.jpg,eucalyptus122.jpg
Eucalyptus_group_10l_01,eucalyptus_total_pat_5cm_dist_40cm_MotoC.jpg,eucalyptus123.jpg
Eucalyptus_group_21l_01,All_Eucalyptus_pat_2cm_dist_50cm_OneVision.jpg,eucalyptus124.jpg
Eucalyptus_group_21l_01,All_Eucalyptus_pat_4cm_dist_50cm_OneVision.jpg,eucalyptus125.jpg
Eucalyptus_group_21l_01,All_Eucalyptus_pat_6cm_dist_50cm_OneVision.jpg,eucalyptus126.jpg
eucalyptus_22,Eucalyptus_12_pat_1cm_dist_20cm_OneVision.jpg,eucalyptus127.jpg
eucalyptus_22,Eucalyptus_12_pat_1cm_dist_30cm_OneVision.jpg,eucalyptus128.jpg
eucalyptus_22,Eucalyptus_12_pat_1cm_dist_40cm_OneVision.jpg,eucalyptus129.jpg
eucalyptus_22,Eucalyptus_12_pat_2cm_dist_20cm_OneVision.jpg,eucalyptus130.jpg
eucalyptus_22,Eucalyptus_12_pat_2cm_dist_30cm_OneVision.jpg,eucalyptus131.jpg
eucalyptus_22,Eucalyptus_12_pat_2cm_dist_40cm_OneVision.jpg,eucalyptus132.jpg
eucalyptus_22,Eucalyptus_12_pat_4cm_dist_20cm_OneVision.jpg,eucalyptus133.jpg
eucalyptus_22,Eucalyptus_12_pat_4cm_dist_30cm_OneVision.jpg,eucalyptus134.jpg
eucalyptus_22,Eucalyptus_12_pat_4cm_dist_40cm_OneVision.jpg,eucalyptus135.jpg
eucalyptus_22,Eucalyptus_12_pat_6cm_dist_20cm_OneVision.jpg,eucalyptus136.jpg
eucalyptus_22,Eucalyptus_12_pat_6cm_dist_30cm_OneVision.jpg,eucalyptus137.jpg
eucalyptus_22,Eucalyptus_12_pat_6cm_dist_40cm_OneVision.jpg,eucalyptus138.jpg
eucalyptus_25,Eucalyptus_15_pat_1cm_dist_20cm_OneVision.jpg,eucalyptus139.jpg
eucalyptus_25,Eucalyptus_15_pat_1cm_dist_30cm_OneVision.jpg,eucalyptus140.jpg
eucalyptus_25,Eucalyptus_15_pat_1cm_dist_40cm_OneVision.jpg,eucalyptus141.jpg
eucalyptus_25,Eucalyptus_15_pat_2cm_dist_20cm_OneVision.jpg,eucalyptus142.jpg
eucalyptus_25,Eucalyptus_15_pat_2cm_dist_30cm_OneVision.jpg,eucalyptus143.jpg
eucalyptus_25,Eucalyptus_15_pat_2cm_dist_40cm_OneVision.jpg,eucalyptus144.jpg
eucalyptus_25,Eucalyptus_15_pat_4cm_dist_20cm_OneVision.jpg,eucalyptus145.jpg
eucalyptus_25,Eucalyptus_15_pat_4cm_dist_30cm_OneVision.jpg,eucalyptus146.jpg
eucalyptus_25,Eucalyptus_15_pat_4cm_dist_40cm_OneVision.jpg,eucalyptus147.jpg
eucalyptus_25,Eucalyptus_15_pat_6cm_dist_20cm_OneVision.jpg,eucalyptus148.jpg
eucalyptus_25,Eucalyptus_15_pat_6cm_dist_30cm_OneVision.jpg,eucalyptus149.jpg
eucalyptus_25,Eucalyptus_15_pat_6cm_dist_40cm_OneVision.jpg,eucalyptus150.jpg
eucalyptus_31,Eucalyptus_21_pat_1cm_dist_20cm_OneVision.jpg,eucalyptus151.jpg
eucalyptus_31,Eucalyptus_21_pat_1cm_dist_30cm_OneVision.jpg,eucalyptus152.jpg
eucalyptus_31,Eucalyptus_21_pat_1cm_dist_40cm_OneVision.jpg,eucalyptus153.jpg
eucalyptus_31,Eucalyptus_21_pat_2cm_dist_20cm_OneVision.jpg,eucalyptus154.jpg
eucalyptus_31,Eucalyptus_21_pat_2cm_dist_30cm_OneVision.jpg,eucalyptus155.jpg
eucalyptus_31,Eucalyptus_21_pat_2cm_dist_40cm_OneVision.jpg,eucalyptus156.jpg
eucalyptus_31,Eucalyptus_21_pat_4cm_dist_20cm_OneVision.jpg,eucalyptus157.jpg
eucalyptus_31,Eucalyptus_21_pat_4cm_dist_30cm_OneVision.jpg,eucalyptus158.jpg
eucalyptus_31,Eucalyptus_21_pat_4cm_dist_40cm_OneVision.jpg,eucalyptus159.jpg
eucalyptus_31,Eucalyptus_21_pat_6cm_dist_20cm_OneVision.jpg,eucalyptus160.jpg
eucalyptus_31,Eucalyptus_21_pat_6cm_dist_30cm_OneVision.jpg,eucalyptus161.jpg
eucalyptus_31,Eucalyptus_21_pat_6cm_dist_40cm_OneVision.jpg,eucalyptus162.jpg
guava_02,Goiaba1Quad1-30cm-Camera.JPG,guava001.jpg
guava_02,Goiaba1Quad1-40cm-Camera.JPG,guava002.jpg
guava_02,Goiaba1Quad2-30cm-Camera.JPG,guava003.jpg
guava_02,Goiaba1Quad2-40cm-Camera.JPG,guava004.jpg
guava_02,Goiaba1Quad3-30cm-Camera.JPG,guava005.jpg
guava_02,Goiaba1Quad3-40cm-Camera.JPG,guava006.jpg
guava_03,Goiaba2Quad1-30cm-Camera.JPG,guava007.jpg
guava_03,Goiaba2Quad1-40cm-Camera.JPG,guava008.jpg
guava_03,Goiaba2Quad2-30cm-Camera.JPG,guava009.jpg
guava_03,Goiaba2Quad2-40cm-Camera.JPG,guava010.jpg
guava_03,Goiaba2Quad3-30cm-Camera.JPG,guava011.jpg
guava_03,Goiaba2Quad3-40cm-Camera.JPG,guava012.jpg
guava_02,Goiaba1Quad1-30cm.jpg,guava013.jpg
guava_02,Goiaba1Quad2-30cm.jpg,guava014.jpg
guava_02,Goiaba1Quad2-40cm.jpg,guava015.jpg
guava_02,Goiaba1Quad3-30cm.jpg,guava016.jpg
guava_02,Goiaba1Quad3-40cm.jpg,guava017.jpg
guava_03,Goiaba2Quad1-30cm.jpg,guava018.jpg
guava_03,Goiaba2Quad1-40cm.jpg,guava019.jpg
guava_03,Goiaba2Quad2-30cm.jpg,guava020.jpg
guava_03,Goiaba2Quad2-40cm.jpg,guava021.jpg
guava_03,Goiaba2Quad3-30cm.jpg,guava022.jpg
guava_03,Goiaba2Quad3-40cm.jpg,guava023.jpg
guava_01,GoiabaSadiaQuad1-30cm.jpg,guava024.jpg
guava_01,GoiabaSadiaQuad1-40cm.jpg,guava025.jpg
guava_01,GoiabaSadiaQuad2-30cm.jpg,guava026.jpg
guava_01,GoiabaSadiaQuad2-40cm.jpg,guava027.jpg
guava_01,GoiabaSadiaQuad3-30cm.jpg,guava028.jpg
guava_01,GoiabaSadiaQuad3-40cm.jpg,guava029.jpg
lemon_01,Limao1Quad1-30cm-Camera.JPG,lemon001.jpg
lemon_01,Limao1Quad1-40cm-Camera.JPG,lemon002.jpg
lemon_01,Limao1Quad2-30cm-Camera.JPG,lemon003.jpg
lemon_01,Limao1Quad2-40cm-Camera.JPG,lemon004.jpg
lemon_01,Limao1Quad3-30cm-Camera.JPG,lemon005.jpg
lemon_01,Limao1Quad3-40cm-Camera.JPG,lemon006.jpg
lemon_02,Limao2Quad1-30cm-Camera.JPG,lemon007.jpg
lemon_02,Limao2Quad1-40cm-Camera.JPG,lemon008.jpg
lemon_02,Limao2Quad2-30cm-Camera.JPG,lemon009.jpg
lemon_02,Limao2Quad2-40cm-Camera.JPG,lemon010.jpg
lemon_02,Limao2Quad3-30cm-Camera.JPG,lemon011.jpg
lemon_02,Limao2Quad3-40cm-Camera.JPG,lemon012.jpg
lemon_01,Limao1Quad1-30cm.jpg,lemon013.jpg
lemon_01,Limao1Quad1-40cm.jpg,lemon014.jpg
lemon_01,Limao1Quad2-30cm.jpg,lemon015.jpg
lemon_01,Limao1Quad2-40cm.jpg,lemon016.jpg
lemon_01,Limao1Quad3-30cm.jpg,lemon017.jpg
lemon_01,Limao1Quad3-40cm.jpg,lemon018.jpg
lemon_02,Limao2Quad1-30cm.jpg,lemon019.jpg
lemon_02,Limao2Quad1-40cm.jpg,lemon020.jpg
lemon_02,Limao2Quad2-30cm.jpg,lemon021.jpg
lemon_02,Limao2Quad2-40cm.jpg,lemon022.jpg
lemon_02,Limao2Quad3-30cm.jpg,lemon023.jpg
lemon_02,Limao2Quad3-40cm.jpg,lemon024.jpg
Multi_group_6l_01,Bean_Corn_Cotton_pat_1cm_dist_50cm_MotoC.jpg,multi-specie001.jpg
bean_02,Bean_Corn_Cotton_pat_2cm_center_dist_50cm_MotoC.jpg,multi-specie002.jpg
bean_02,Bean_Corn_Cotton_pat_2cm_corner_dist_50cm_MotoC.jpg,multi-specie003.jpg
bean_02,Bean_Corn_Cotton_pat_4cm_center_dist_50cm_MotoC.jpg,multi-specie004.jpg
bean_02,Bean_Corn_Cotton_pat_4cm_corner_dist_50cm_MotoC.jpg,multi-specie005.jpg
bean_02,Bean_Corn_Cotton_pat_6cm_center_dist_50cm_MotoC.jpg,multi-specie006.jpg
bean_02,Bean_Corn_Cotton_pat_6cm_corner_dist_50cm_MotoC.jpg,multi-specie007.jpg
Multi_group_6l_01,Bean_Corn_Cotton_pat_1cm_dist_50cm_OneVision.jpg,multi-specie008.jpg
bean_02,Bean_Corn_Cotton_pat_2cm_center_dist_50cm_OneVision.jpg,multi-specie009.jpg
bean_02,Bean_Corn_Cotton_pat_2cm_corner_dist_50cm_OneVision.jpg,multi-specie010.jpg
bean_02,Bean_Corn_Cotton_pat_4cm_center_dist_50cm_OneVision.jpg,multi-specie011.jpg
bean_02,Bean_Corn_Cotton_pat_4cm_corner_dist_50cm_OneVision.jpg,multi-specie012.jpg
bean_02,Bean_Corn_Cotton_pat_6cm_center_dist_50cm_OneVision.jpg,multi-specie013.jpg
bean_02,Bean_Corn_Cotton_pat_6cm_corner_dist_50cm_OneVision.jpg,multi-specie014.jpg
Orange_group_20l_01,All_Orange_pat_1cm_dist_50cm_MotoC.jpg,orange001.jpg
Orange_group_20l_01,All_Orange_pat_2cm_dist_50cm_MotoC.jpg,orange002.jpg
Orange_group_20l_01,All_Orange_pat_4cm_dist_50cm_MotoC.jpg,orange003.jpg
Orange_group_20l_01,All_Orange_pat_6cm_dist_50cm_MotoC.jpg,orange004.jpg
orange_16,Orange_16_pat_1cm_dist_20cm_MotoC.jpg,orange005.jpg
orange_16,Orange_16_pat_1cm_dist_30cm_MotoC.jpg,orange006.jpg
orange_16,Orange_16_pat_1cm_dist_40cm_MotoC.jpg,orange007.jpg
orange_16,Orange_16_pat_2cm_dist_20cm_MotoC.jpg,orange008.jpg
orange_16,Orange_16_pat_2cm_dist_30cm_MotoC.jpg,orange009.jpg
orange_16,Orange_16_pat_2cm_dist_40cm_MotoC.jpg,orange010.jpg
orange_16,Orange_16_pat_4cm_dist_20cm_MotoC.jpg,orange011.jpg
orange_16,Orange_16_pat_4cm_dist_30cm_MotoC.jpg,orange012.jpg
orange_16,Orange_16_pat_4cm_dist_40cm_MotoC.jpg,orange013.jpg
orange_16,Orange_16_pat_6cm_dist_20cm_MotoC.jpg,orange014.jpg
orange_16,Orange_16_pat_6cm_dist_30cm_MotoC.jpg,orange015.jpg
orange_16,Orange_16_pat_6cm_dist_40cm_MotoC.jpg,orange016.jpg
orange_03,Orange_3_pat_1cm_dist_20cm_MotoC.jpg,orange017.jpg
orange_03,Orange_3_pat_1cm_dist_30cm_MotoC.jpg,orange018.jpg
orange_03,Orange_3_pat_1cm_dist_40cm_MotoC.jpg,orange019.jpg
orange_03,Orange_3_pat_2cm_dist_20cm_MotoC.jpg,orange020.jpg
orange_03,Orange_3_pat_2cm_dist_30cm_MotoC.jpg,orange021.jpg
orange_03,Orange_3_pat_2cm_dist_40cm_MotoC.jpg,orange022.jpg
orange_03,Orange_3_pat_4cm_dist_20cm_MotoC.jpg,orange023.jpg
orange_03,Orange_3_pat_4cm_dist_30cm_MotoC.jpg,orange024.jpg
orange_03,Orange_3_pat_4cm_dist_40cm_MotoC.jpg,orange025.jpg
orange_03,Orange_3_pat_6cm_dist_20cm_MotoC.jpg,orange026.jpg
orange_03,Orange_3_pat_6cm_dist_30cm_MotoC.jpg,orange027.jpg
orange_03,Orange_3_pat_6cm_dist_40cm_MotoC.jpg,orange028.jpg
orange_05,Orange_5_pat_1cm_dist_20cm_MotoC.jpg,orange029.jpg
orange_05,Orange_5_pat_1cm_dist_30cm_MotoC.jpg,orange030.jpg
orange_05,Orange_5_pat_1cm_dist_40cm_MotoC.jpg,orange031.jpg
orange_05,Orange_5_pat_2cm_dist_20cm_MotoC.jpg,orange032.jpg
orange_05,Orange_5_pat_2cm_dist_30cm_MotoC.jpg,orange033.jpg
orange_05,Orange_5_pat_2cm_dist_40cm_MotoC.jpg,orange034.jpg
orange_05,Orange_5_pat_4cm_dist_20cm_MotoC.jpg,orange035.jpg
orange_05,Orange_5_pat_4cm_dist_30cm_MotoC.jpg,orange036.jpg
orange_05,Orange_5_pat_4cm_dist_40cm_MotoC.jpg,orange037.jpg
orange_05,Orange_5_pat_6cm_dist_20cm_MotoC.jpg,orange038.jpg
orange_05,Orange_5_pat_6cm_dist_30cm_MotoC.jpg,orange039.jpg
orange_05,Orange_5_pat_6cm_dist_40cm_MotoC.jpg,orange040.jpg
Orange_group_20l_01,All_Orange_pat_1cm_dist_50cm_OneVision.jpg,orange041.jpg
Orange_group_20l_01,All_Orange_pat_2cm_dist_50cm_OneVision.jpg,orange042.jpg
Orange_group_20l_01,All_Orange_pat_4cm_dist_50cm_OneVision.jpg,orange043.jpg
Orange_group_20l_01,All_Orange_pat_6cm_dist_50cm_OneVision.jpg,orange044.jpg
orange_16,Orange_16_pat_1cm_dist_20cm_OneVision.jpg,orange045.jpg
orange_16,Orange_16_pat_1cm_dist_30cm_OneVision.jpg,orange046.jpg
orange_16,Orange_16_pat_1cm_dist_40cm_OneVision.jpg,orange047.jpg
orange_16,Orange_16_pat_2cm_dist_20cm_OneVision.jpg,orange048.jpg
orange_16,Orange_16_pat_2cm_dist_30cm_OneVision.jpg,orange049.jpg
orange_16,Orange_16_pat_2cm_dist_40cm_OneVision.jpg,orange050.jpg
orange_16,Orange_16_pat_4cm_dist_20cm_OneVision.jpg,orange051.jpg
orange_16,Orange_16_pat_4cm_dist_30cm_OneVision.jpg,orange052.jpg
orange_16,Orange_16_pat_4cm_dist_40cm_OneVision.jpg,orange053.jpg
orange_16,Orange_16_pat_6cm_dist_20cm_OneVision.jpg,orange054.jpg
orange_16,Orange_16_pat_6cm_dist_30cm_OneVision.jpg,orange055.jpg
orange_16,Orange_16_pat_6cm_dist_40cm_OneVision.jpg,orange056.jpg
orange_03,Orange_3_pat_1cm_dist_20cm_OneVision.jpg,orange057.jpg
orange_03,Orange_3_pat_1cm_dist_30cm_OneVision.jpg,orange058.jpg
orange_03,Orange_3_pat_1cm_dist_40cm_OneVision.jpg,orange059.jpg
orange_03,Orange_3_pat_2cm_dist_20cm_OneVision.jpg,orange060.jpg
orange_03,Orange_3_pat_2cm_dist_30cm_OneVision.jpg,orange061.jpg
orange_03,Orange_3_pat_2cm_dist_40cm_OneVision.jpg,orange062.jpg
orange_03,Orange_3_pat_4cm_dist_20cm_OneVision.jpg,orange063.jpg
orange_03,Orange_3_pat_4cm_dist_30cm_OneVision.jpg,orange064.jpg
orange_03,Orange_3_pat_4cm_dist_40cm_OneVision.jpg,orange065.jpg
orange_03,Orange_3_pat_6cm_dist_20cm_OneVision.jpg,orange066.jpg
orange_03,Orange_3_pat_6cm_dist_30cm_OneVision.jpg,orange067.jpg
orange_03,Orange_3_pat_6cm_dist_40cm_OneVision.jpg,orange068.jpg
orange_05,Orange_5_pat_1cm_dist_20cm_OneVision.jpg,orange069.jpg
orange_05,Orange_5_pat_1cm_dist_30cm_OneVision.jpg,orange070.jpg
orange_05,Orange_5_pat_1cm_dist_40cm_OneVision.jpg,orange071.jpg
orange_05,Orange_5_pat_2cm_dist_20cm_OneVision.jpg,orange072.jpg
orange_05,Orange_5_pat_2cm_dist_30cm_OneVision.jpg,orange073.jpg
orange_05,Orange_5_pat_2cm_dist_40cm_OneVision.jpg,orange074.jpg
orange_05,Orange_5_pat_4cm_dist_20cm_OneVision.jpg,orange075.jpg
orange_05,Orange_5_pat_4cm_dist_30cm_OneVision.jpg,orange076.jpg
orange_05,Orange_5_pat_4cm_dist_40cm_OneVision.jpg,orange077.jpg
orange_05,Orange_5_pat_6cm_dist_20cm_OneVision.jpg,orange078.jpg
orange_05,Orange_5_pat_6cm_dist_30cm_OneVision.jpg,orange079.jpg
orange_05,Orange_5_pat_6cm_dist_40cm_OneVision.jpg,orange080.jpg
pumpkin_1,pumpkin_1_pat_4cm_dist_30cm_LGK10.jpg,pumpkin001.jpg
pumpkin_1,pumpkin_1_pat_4cm_dist_40cm_LGK10.jpg,pumpkin002.jpg
pumpkin_1,pumpkin_1_pat_5cm_dist_30cm_LGK10.jpg,pumpkin003.jpg
pumpkin_1,pumpkin_1_pat_5cm_dist_40cm_LGK10.jpg,pumpkin004.jpg
pumpkin_2,pumpkin_2_pat_4cm_dist_30cm_LGK10.jpg,pumpkin005.jpg
pumpkin_2,pumpkin_2_pat_4cm_dist_40cm_LGK10.jpg,pumpkin006.jpg
pumpkin_2,pumpkin_2_pat_5cm_dist_30cm_LGK10.jpg,pumpkin007.jpg
pumpkin_2,pumpkin_2_pat_5cm_dist_40cm_LGK10.jpg,pumpkin008.jpg
Pumpkin_group_2l_01,pumpkin_total_pat_4cm_dist_30cm_LGK10.jpg,pumpkin009.jpg
Pumpkin_group_2l_01,pumpkin_total_pat_4cm_dist_40cm_LGK10.jpg,pumpkin010.jpg
Pumpkin_group_2l_01,pumpkin_total_pat_5cm_dist_30cm_LGK10.jpg,pumpkin011.jpg
Pumpkin_group_2l_01,pumpkin_total_pat_5cm_dist_40cm_LGK10.jpg,pumpkin012.jpg
pumpkin_1,pumpkin_1_pat_4cm_dist_30cm_MotoZ2.jpg,pumpkin013.jpg
pumpkin_1,pumpkin_1_pat_5cm_dist_30cm_MotoZ2.jpg,pumpkin014.jpg
pumpkin_1,pumpkin_1_pat_5cm_dist_40cm_MotoZ2.jpg,pumpkin015.jpg
pumpkin_2,pumpkin_2_pat_4cm_dist_30cm_MotoZ2.jpg,pumpkin016.jpg
pumpkin_2,pumpkin_2_pat_4cm_dist_40cm_MotoZ2.jpg,pumpkin017.jpg
pumpkin_2,pumpkin_2_pat_5cm_dist_30cm_MotoZ2.jpg,pumpkin018.jpg
pumpkin_2,pumpkin_2_pat_5cm_dist_40cm_MotoZ2.jpg,pumpkin019.jpg
Pumpkin_group_2l_01,pumpkin_total_pat_4cm_dist_30cm_MotoZ2.jpg,pumpkin020.jpg
Pumpkin_group_2l_01,pumpkin_total_pat_4cm_dist_40cm_MotoZ2.jpg,pumpkin021.jpg
Pumpkin_group_2l_01,pumpkin_total_pat_5cm_dist_30cm_MotoZ2.jpg,pumpkin022.jpg
Pumpkin_group_2l_01,pumpkin_total_pat_5cm_dist_40cm_MotoZ2.jpg,pumpkin023.jpg
Soybean_group_8l_01,8_Soybean_pat_2cm_dist_30cm_MotoC.jpg,soybean001.jpg
Soybean_group_8l_01,8_Soybean_pat_2cm_dist_40cm_MotoC.jpg,soybean002.jpg
Soybean_group_8l_01,8_Soybean_pat_4cm_dist_30cm_MotoC.jpg,soybean003.jpg
Soybean_group_8l_01,8_Soybean_pat_4cm_dist_40cm_MotoC.jpg,soybean004.jpg
Soybean_group_28l_01,All_Soybean_pat_2cm_dist_40cm_MotoC.jpg,soybean005.jpg
Soybean_group_30l_01,All_Soybean_pat_2cm_dist_50cm_MotoC.jpg,soybean006.jpg
Soybean_group_28l_01,All_Soybean_pat_4cm_dist_40cm_MotoC.jpg,soybean007.jpg
Soybean_group_30l_01,All_Soybean_pat_4cm_dist_50cm_MotoC.jpg,soybean008.jpg
soybean_01,Soybean_1_pat_1cm_dist_12cm_MotoC.jpg,soybean009.jpg
soybean_01,Soybean_1_pat_1cm_dist_20cm_MotoC.jpg,soybean010.jpg
soybean_01,Soybean_1_pat_1cm_dist_30cm_MotoC.jpg,soybean011.jpg
soybean_01,Soybean_1_pat_1cm_dist_40cm_MotoC.jpg,soybean012.jpg
soybean_01,Soybean_1_pat_2cm_dist_15cm_MotoC.jpg,soybean013.jpg
soybean_01,Soybean_1_pat_2cm_dist_20cm_MotoC.jpg,soybean014.jpg
soybean_01,Soybean_1_pat_2cm_dist_30cm_MotoC.jpg,soybean015.jpg
soybean_01,Soybean_1_pat_2cm_dist_40cm_MotoC.jpg,soybean016.jpg
soybean_01,Soybean_1_pat_4cm_dist_20cm_MotoC.jpg,soybean017.jpg
soybean_01,Soybean_1_pat_4cm_dist_30cm_MotoC.jpg,soybean018.jpg
soybean_01,Soybean_1_pat_4cm_dist_40cm_MotoC.jpg,soybean019.jpg
soybean_02,Soybean_2_pat_1cm_dist_12cm_MotoC.jpg,soybean020.jpg
soybean_02,Soybean_2_pat_1cm_dist_20cm_MotoC.jpg,soybean021.jpg
soybean_02,Soybean_2_pat_1cm_dist_30cm_MotoC.jpg,soybean022.jpg
soybean_02,Soybean_2_pat_1cm_dist_40cm_MotoC.jpg,soybean023.jpg
soybean_02,Soybean_2_pat_2cm_dist_15cm_MotoC.jpg,soybean024.jpg
soybean_02,Soybean_2_pat_2cm_dist_20cm_MotoC.jpg,soybean025.jpg
soybean_02,Soybean_2_pat_2cm_dist_30cm_MotoC.jpg,soybean026.jpg
soybean_02,Soybean_2_pat_2cm_dist_40cm_MotoC.jpg,soybean027.jpg
soybean_02,Soybean_2_pat_4cm_dist_20cm_MotoC.jpg,soybean028.jpg
soybean_02,Soybean_2_pat_4cm_dist_30cm_MotoC.jpg,soybean029.jpg
soybean_02,Soybean_2_pat_4cm_dist_40cm_MotoC.jpg,soybean030.jpg
soybean_03,Soybean_3_pat_1cm_dist_12cm_MotoC.jpg,soybean031.jpg
soybean_03,Soybean_3_pat_1cm_dist_20cm_MotoC.jpg,soybean032.jpg
soybean_03,Soybean_3_pat_1cm_dist_30cm_MotoC.jpg,soybean033.jpg
soybean_03,Soybean_3_pat_1cm_dist_40cm_MotoC.jpg,soybean034.jpg
soybean_03,Soybean_3_pat_2cm_dist_15cm_MotoC.jpg,soybean035.jpg
soybean_03,Soybean_3_pat_2cm_dist_20cm_MotoC.jpg,soybean036.jpg
soybean_03,Soybean_3_pat_2cm_dist_30cm_MotoC.jpg,soybean037.jpg
soybean_03,Soybean_3_pat_2cm_dist_40cm_MotoC.jpg,soybean038.jpg
soybean_03,Soybean_3_pat_4cm_dist_20cm_MotoC.jpg,soybean039.jpg
soybean_03,Soybean_3_pat_4cm_dist_30cm_MotoC.jpg,soybean040.jpg
soybean_03,Soybean_3_pat_4cm_dist_40cm_MotoC.jpg,soybean041.jpg
soybean_04,Soybean_4_pat_1cm_dist_12cm_MotoC.jpg,soybean042.jpg
soybean_04,Soybean_4_pat_1cm_dist_20cm_MotoC.jpg,soybean043.jpg
soybean_04,Soybean_4_pat_1cm_dist_30cm_MotoC.jpg,soybean044.jpg
soybean_04,Soybean_4_pat_1cm_dist_40cm_MotoC.jpg,soybean045.jpg
soybean_04,Soybean_4_pat_2cm_dist_15cm_MotoC.jpg,soybean046.jpg
soybean_04,Soybean_4_pat_2cm_dist_20cm_MotoC.jpg,soybean047.jpg
soybean_04,Soybean_4_pat_2cm_dist_30cm_MotoC.jpg,soybean048.jpg
soybean_04,Soybean_4_pat_2cm_dist_40cm_MotoC.jpg,soybean049.jpg
soybean_04,Soybean_4_pat_4cm_dist_20cm_MotoC.jpg,soybean050.jpg
soybean_04,Soybean_4_pat_4cm_dist_30cm_MotoC.jpg,soybean051.jpg
soybean_04,Soybean_4_pat_4cm_dist_40cm_MotoC.jpg,soybean052.jpg
soybean_05,Soybean_5_pat_1cm_dist_12cm_MotoC.jpg,soybean053.jpg
soybean_05,Soybean_5_pat_1cm_dist_20cm_MotoC.jpg,soybean054.jpg
soybean_05,Soybean_5_pat_1cm_dist_30cm_MotoC.jpg,soybean055.jpg
soybean_05,Soybean_5_pat_1cm_dist_40cm_MotoC.jpg,soybean056.jpg
soybean_05,Soybean_5_pat_2cm_dist_15cm_MotoC.jpg,soybean057.jpg
soybean_05,Soybean_5_pat_2cm_dist_20cm_MotoC.jpg,soybean058.jpg
soybean_05,Soybean_5_pat_2cm_dist_30cm_MotoC.jpg,soybean059.jpg
soybean_05,Soybean_5_pat_2cm_dist_40cm_MotoC.jpg,soybean060.jpg
soybean_05,Soybean_5_pat_4cm_dist_20cm_MotoC.jpg,soybean061.jpg
soybean_05,Soybean_5_pat_4cm_dist_30cm_MotoC.jpg,soybean062.jpg
soybean_05,Soybean_5_pat_4cm_dist_40cm_MotoC.jpg,soybean063.jpg
soybean_06,Soybean_6_pat_1cm_dist_12cm_MotoC.jpg,soybean064.jpg
soybean_06,Soybean_6_pat_1cm_dist_20cm_MotoC.jpg,soybean065.jpg
soybean_06,Soybean_6_pat_1cm_dist_30cm_MotoC.jpg,soybean066.jpg
soybean_06,Soybean_6_pat_1cm_dist_40cm_MotoC.jpg,soybean067.jpg
soybean_06,Soybean_6_pat_2cm_dist_15cm_MotoC.jpg,soybean068.jpg
soybean_06,Soybean_6_pat_2cm_dist_20cm_MotoC.jpg,soybean069.jpg
soybean_06,Soybean_6_pat_2cm_dist_30cm_MotoC.jpg,soybean070.jpg
soybean_06,Soybean_6_pat_2cm_dist_40cm_MotoC.jpg,soybean071.jpg
soybean_06,Soybean_6_pat_4cm_dist_20cm_MotoC.jpg,soybean072.jpg
soybean_06,Soybean_6_pat_4cm_dist_30cm_MotoC.jpg,soybean073.jpg
soybean_06,Soybean_6_pat_4cm_dist_40cm_MotoC.jpg,soybean074.jpg
Soybean_group_2l_01,Soybean_7_and_8_pat_1cm_dist_12cm_MotoC.jpg,soybean075.jpg
Soybean_group_2l_01,Soybean_7_and_8_pat_1cm_dist_20cm_MotoC.jpg,soybean076.jpg
Soybean_group_2l_01,Soybean_7_and_8_pat_1cm_dist_30cm_MotoC.jpg,soybean077.jpg
Soybean_group_2l_01,Soybean_7_and_8_pat_1cm_dist_40cm_MotoC.jpg,soybean078.jpg
Soybean_group_2l_01,Soybean_7_and_8_pat_2cm_dist_15cm_MotoC.jpg,soybean079.jpg
Soybean_group_2l_01,Soybean_7_and_8_pat_2cm_dist_20cm_MotoC.jpg,soybean080.jpg
Soybean_group_2l_01,Soybean_7_and_8_pat_2cm_dist_30cm_MotoC.jpg,soybean081.jpg
Soybean_group_2l_01,Soybean_7_and_8_pat_2cm_dist_40cm_MotoC.jpg,soybean082.jpg
Soybean_group_2l_01,Soybean_7_and_8_pat_4cm_dist_20cm_MotoC.jpg,soybean083.jpg
Soybean_group_2l_01,Soybean_7_and_8_pat_4cm_dist_30cm_MotoC.jpg,soybean084.jpg
Soybean_group_2l_01,Soybean_7_and_8_pat_4cm_dist_40cm_MotoC.jpg,soybean085.jpg
Soybean_group_8l_01,8_Soybean_pat_2cm_dist_30cm_OneVision.jpg,soybean086.jpg
Soybean_group_8l_01,8_Soybean_pat_2cm_dist_40cm_OneVision.jpg,soybean087.jpg
Soybean_group_8l_01,8_Soybean_pat_4cm_dist_30cm_OneVision.jpg,soybean088.jpg
Soybean_group_8l_01,8_Soybean_pat_4cm_dist_40cm_OneVision.jpg,soybean089.jpg
Soybean_group_30l_01,All_Soybean_pat_2cm_dist_40cm_OneVision.jpg,soybean090.jpg
Soybean_group_28l_01,All_Soybean_pat_2cm_dist_50cm_OneVision.jpg,soybean091.jpg
Soybean_group_28l_01,All_Soybean_pat_4cm_dist_40cm_OneVision.jpg,soybean092.jpg
Soybean_group_30l_01,All_Soybean_pat_4cm_dist_50cm_OneVision.jpg,soybean093.jpg
soybean_01,Soybean_1_pat_1cm_dist_12cm_OneVision.jpg,soybean094.jpg
soybean_01,Soybean_1_pat_1cm_dist_20cm_OneVision.jpg,soybean095.jpg
soybean_01,Soybean_1_pat_1cm_dist_30cm_OneVision.jpg,soybean096.jpg
soybean_01,Soybean_1_pat_1cm_dist_40cm_OneVision.jpg,soybean097.jpg
soybean_01,Soybean_1_pat_2cm_dist_15cm_OneVision.jpg,soybean098.jpg
soybean_01,Soybean_1_pat_2cm_dist_20cm_OneVision.jpg,soybean099.jpg
soybean_01,Soybean_1_pat_2cm_dist_30cm_OneVision.jpg,soybean100.jpg
soybean_01,Soybean_1_pat_2cm_dist_40cm_OneVision.jpg,soybean101.jpg
soybean_01,Soybean_1_pat_4cm_dist_20cm_OneVision.jpg,soybean102.jpg
soybean_01,Soybean_1_pat_4cm_dist_30cm_OneVision.jpg,soybean103.jpg
soybean_01,Soybean_1_pat_4cm_dist_40cm_OneVision.jpg,soybean104.jpg
soybean_02,Soybean_2_pat_1cm_dist_12cm_OneVision.jpg,soybean105.jpg
soybean_02,Soybean_2_pat_1cm_dist_20cm_OneVision.jpg,soybean106.jpg
soybean_02,Soybean_2_pat_1cm_dist_30cm_OneVision.jpg,soybean107.jpg
soybean_02,Soybean_2_pat_1cm_dist_40cm_OneVision.jpg,soybean108.jpg
soybean_02,Soybean_2_pat_2cm_dist_15cm_OneVision.jpg,soybean109.jpg
soybean_02,Soybean_2_pat_2cm_dist_20cm_OneVision.jpg,soybean110.jpg
soybean_02,Soybean_2_pat_2cm_dist_30cm_OneVision.jpg,soybean111.jpg
soybean_02,Soybean_2_pat_2cm_dist_40cm_OneVision.jpg,soybean112.jpg
soybean_02,Soybean_2_pat_4cm_dist_20cm_OneVision.jpg,soybean113.jpg
soybean_02,Soybean_2_pat_4cm_dist_30cm_OneVision.jpg,soybean114.jpg
soybean_02,Soybean_2_pat_4cm_dist_40cm_OneVision.jpg,soybean115.jpg
soybean_03,Soybean_3_pat_1cm_dist_12cm_OneVision.jpg,soybean116.jpg
soybean_03,Soybean_3_pat_1cm_dist_20cm_OneVision.jpg,soybean117.jpg
soybean_03,Soybean_3_pat_1cm_dist_30cm_OneVision.jpg,soybean118.jpg
soybean_03,Soybean_3_pat_1cm_dist_40cm_oneVision.jpg,soybean119.jpg
soybean_03,Soybean_3_pat_2cm_dist_15cm_OneVision.jpg,soybean120.jpg
soybean_03,Soybean_3_pat_2cm_dist_20cm_OneVision.jpg,soybean121.jpg
soybean_03,Soybean_3_pat_2cm_dist_30cm_OneVision.jpg,soybean122.jpg
soybean_03,Soybean_3_pat_2cm_dist_40cm_oneVision.jpg,soybean123.jpg
soybean_03,Soybean_3_pat_4cm_dist_20cm_OneVision.jpg,soybean124.jpg
soybean_03,Soybean_3_pat_4cm_dist_30cm_OneVision.jpg,soybean125.jpg
soybean_03,Soybean_3_pat_4cm_dist_40cm_OneVision.jpg,soybean126.jpg
soybean_04,Soybean_4_pat_1cm_dist_12cm_OneVision.jpg,soybean127.jpg
soybean_04,Soybean_4_pat_1cm_dist_20cm_OneVision.jpg,soybean128.jpg
soybean_04,Soybean_4_pat_1cm_dist_30cm_OneVision.jpg,soybean129.jpg
soybean_04,Soybean_4_pat_1cm_dist_40cm_OneVision.jpg,soybean130.jpg
soybean_04,Soybean_4_pat_2cm_dist_15cm_OneVision.jpg,soybean131.jpg
soybean_04,Soybean_4_pat_2cm_dist_20cm_OneVision.jpg,soybean132.jpg
soybean_04,Soybean_4_pat_2cm_dist_30cm_OneVision.jpg,soybean133.jpg
soybean_04,Soybean_4_pat_2cm_dist_40cm_OneVision.jpg,soybean134.jpg
soybean_04,Soybean_4_pat_4cm_dist_20cm_OneVision.jpg,soybean135.jpg
soybean_04,Soybean_4_pat_4cm_dist_30cm_OneVision.jpg,soybean136.jpg
soybean_04,Soybean_4_pat_4cm_dist_40cm_OneVision.jpg,soybean137.jpg
soybean_05,Soybean_5_pat_1cm_dist_12cm_OneVision.jpg,soybean138.jpg
soybean_05,Soybean_5_pat_1cm_dist_20cm_OneVision.jpg,soybean139.jpg
soybean_05,Soybean_5_pat_1cm_dist_30cm_OneVision.jpg,soybean140.jpg
soybean_05,Soybean_5_pat_1cm_dist_40cm_OneVision.jpg,soybean141.jpg
soybean_05,Soybean_5_pat_2cm_dist_15cm_OneVision.jpg,soybean142.jpg
soybean_05,Soybean_5_pat_2cm_dist_20cm_OneVision.jpg,soybean143.jpg
soybean_05,Soybean_5_pat_2cm_dist_30cm_OneVision.jpg,soybean144.jpg
soybean_05,Soybean_5_pat_2cm_dist_40cm_OneVision.jpg,soybean145.jpg
soybean_05,Soybean_5_pat_4cm_dist_20cm_OneVision.jpg,soybean146.jpg
soybean_05,Soybean_5_pat_4cm_dist_30cm_OneVision.jpg,soybean147.jpg
soybean_05,Soybean_5_pat_4cm_dist_40cm_OneVision.jpg,soybean148.jpg
soybean_06,Soybean_6_pat_1cm_dist_12cm_OneVision.jpg,soybean149.jpg
soybean_06,Soybean_6_pat_1cm_dist_20cm_OneVision.jpg,soybean150.jpg
soybean_06,Soybean_6_pat_1cm_dist_30cm_OneVision.jpg,soybean151.jpg
soybean_06,Soybean_6_pat_1cm_dist_40cm_OneVision.jpg,soybean152.jpg
soybean_06,Soybean_6_pat_2cm_dist_15cm_OneVision.jpg,soybean153.jpg
soybean_06,Soybean_6_pat_2cm_dist_20cm_OneVision.jpg,soybean154.jpg
soybean_06,Soybean_6_pat_2cm_dist_30cm_OneVision.jpg,soybean155.jpg
soybean_06,Soybean_6_pat_2cm_dist_40cm_OneVision.jpg,soybean156.jpg
soybean_06,Soybean_6_pat_4cm_dist_20cm_OneVision.jpg,soybean157.jpg
soybean_06,Soybean_6_pat_4cm_dist_30cm_OneVision.jpg,soybean158.jpg
soybean_06,Soybean_6_pat_4cm_dist_40cm_OneVision.jpg,soybean159.jpg
Soybean_group_2l_01,Soybean_7_and_8_pat_1cm_dist_12cm_OneVision.jpg,soybean160.jpg
Soybean_group_2l_01,Soybean_7_and_8_pat_1cm_dist_20cm_OneVision.jpg,soybean161.jpg
Soybean_group_2l_01,Soybean_7_and_8_pat_1cm_dist_30cm_OneVision.jpg,soybean162.jpg
Soybean_group_2l_01,Soybean_7_and_8_pat_1cm_dist_40cm_OneVision.jpg,soybean163.jpg
Soybean_group_2l_01,Soybean_7_and_8_pat_2cm_dist_15cm_OneVision.jpg,soybean164.jpg
Soybean_group_2l_01,Soybean_7_and_8_pat_2cm_dist_20cm_OneVision.jpg,soybean165.jpg
Soybean_group_2l_01,Soybean_7_and_8_pat_2cm_dist_30cm_OneVision.jpg,soybean166.jpg
Soybean_group_2l_01,Soybean_7_and_8_pat_2cm_dist_40cm_OneVision.jpg,soybean167.jpg
Soybean_group_2l_01,Soybean_7_and_8_pat_4cm_dist_20cm_OneVision.jpg,soybean168.jpg
Soybean_group_2l_01,Soybean_7_and_8_pat_4cm_dist_30cm_OneVision.jpg,soybean169.jpg
Soybean_group_2l_01,Soybean_7_and_8_pat_4cm_dist_40cm_OneVision.jpg,soybean170.jpg
tomato_01,tomato_1_pat_4cm_dist_30cm.jpg,tomato001.jpg
tomato_01,tomato_1_pat_4cm_dist_40cm.jpg,tomato002.jpg
tomato_01,tomato_1_pat_5cm_dist_30cm.jpg,tomato003.jpg
tomato_01,tomato_1_pat_5cm_dist_40cm.jpg,tomato004.jpg
tomato_02,tomato_2_pat_4cm_dist_30cm.jpg,tomato005.jpg
tomato_02,tomato_2_pat_4cm_dist_40cm.jpg,tomato006.jpg
tomato_02,tomato_2_pat_5cm_dist_30cm.jpg,tomato007.jpg
tomato_02,tomato_2_pat_5cm_dist_40cm.jpg,tomato008.jpg
tomato_03,tomato_3_pat_4cm_dist_30cm.jpg,tomato009.jpg
tomato_03,tomato_3_pat_4cm_dist_40cm.jpg,tomato010.jpg
tomato_03,tomato_3_pat_5cm_dist_30cm.jpg,tomato011.jpg
tomato_03,tomato_3_pat_5cm_dist_40cm.jpg,tomato012.jpg
Tomato_group_3l_01,tomato_total_pat_4cm_dist_30cm.jpg,tomato013.jpg
Tomato_group_3l_01,tomato_total_pat_4cm_dist_40cm.jpg,tomato014.jpg
Tomato_group_3l_01,tomato_total_pat_5cm_dist_30cm.jpg,tomato015.jpg
Tomato_group_3l_01,tomato_total_pat_5cm_dist_40cm.jpg,tomato016.jpg
Tomato_group_4l_01,All_Tomato_pat_2cm_dist_50cm_MotoC.jpg,tomato017.jpg
Tomato_group_4l_01,All_Tomato_pat_4cm_dist_50cm_MotoC.jpg,tomato018.jpg
Tomato_group_4l_01,All_Tomato_pat_6cm_dist_50cm_MotoC.jpg,tomato019.jpg
tomato_04,Tomato_1_pat_1cm_dist_20cm_MotoC.jpg,tomato020.jpg
tomato_04,Tomato_1_pat_1cm_dist_30cm_MotoC.jpg,tomato021.jpg
tomato_04,Tomato_1_pat_1cm_dist_40cm_MotoC.jpg,tomato022.jpg
tomato_04,Tomato_1_pat_2cm_dist_20cm_MotoC.jpg,tomato023.jpg
tomato_04,Tomato_1_pat_2cm_dist_30cm_MotoC.jpg,tomato024.jpg
tomato_04,Tomato_1_pat_2cm_dist_40cm_MotoC.jpg,tomato025.jpg
tomato_04,Tomato_1_pat_4cm_dist_20cm_MotoC.jpg,tomato026.jpg
tomato_04,Tomato_1_pat_4cm_dist_30cm_MotoC.jpg,tomato027.jpg
tomato_04,Tomato_1_pat_4cm_dist_40cm_MotoC.jpg,tomato028.jpg
tomato_04,Tomato_1_pat_6cm_dist_20cm_MotoC.jpg,tomato029.jpg
tomato_04,Tomato_1_pat_6cm_dist_30cm_MotoC.jpg,tomato030.jpg
tomato_04,Tomato_1_pat_6cm_dist_40cm_MotoC.jpg,tomato031.jpg
tomato_05,Tomato_2_pat_1cm_dist_20cm_MotoC.jpg,tomato032.jpg
tomato_05,Tomato_2_pat_1cm_dist_30cm_MotoC.jpg,tomato033.jpg
tomato_05,Tomato_2_pat_1cm_dist_40cm_MotoC.jpg,tomato034.jpg
tomato_05,Tomato_2_pat_2cm_dist_20cm_MotoC.jpg,tomato035.jpg
tomato_05,Tomato_2_pat_2cm_dist_30cm_MotoC.jpg,tomato036.jpg
tomato_05,Tomato_2_pat_2cm_dist_40cm_MotoC.jpg,tomato037.jpg
tomato_05,Tomato_2_pat_4cm_dist_20cm_MotoC.jpg,tomato038.jpg
tomato_05,Tomato_2_pat_4cm_dist_30cm_MotoC.jpg,tomato039.jpg
tomato_05,Tomato_2_pat_4cm_dist_40cm_MotoC.jpg,tomato040.jpg
tomato_05,Tomato_2_pat_6cm_dist_20cm_MotoC.jpg,tomato041.jpg
tomato_05,Tomato_2_pat_6cm_dist_30cm_MotoC.jpg,tomato042.jpg
tomato_05,Tomato_2_pat_6cm_dist_40cm_MotoC.jpg,tomato043.jpg
Tomato_group_4l_01,All_Tomato_pat_2cm_dist_50cm_OneVision.jpg,tomato044.jpg
Tomato_group_4l_01,All_Tomato_pat_4cm_dist_50cm_OneVision.jpg,tomato045.jpg
Tomato_group_4l_01,All_Tomato_pat_6cm_dist_50cm_OneVision.jpg,tomato046.jpg
tomato_04,Tomato_1_pat_1cm_dist_20cm_OneVision.jpg,tomato047.jpg
tomato_04,Tomato_1_pat_1cm_dist_30cm_OneVision.jpg,tomato048.jpg
tomato_04,Tomato_1_pat_1cm_dist_40cm_OneVision.jpg,tomato049.jpg
tomato_04,Tomato_1_pat_2cm_dist_20cm_OneVision.jpg,tomato050.jpg
tomato_04,Tomato_1_pat_2cm_dist_30cm_OneVision.jpg,tomato051.jpg
tomato_04,Tomato_1_pat_2cm_dist_40cm_OneVision.jpg,tomato052.jpg
tomato_04,Tomato_1_pat_4cm_dist_20cm_OneVision.jpg,tomato053.jpg
tomato_04,Tomato_1_pat_4cm_dist_30cm_OneVision.jpg,tomato054.jpg
tomato_04,Tomato_1_pat_4cm_dist_40cm_OneVision.jpg,tomato055.jpg
tomato_04,Tomato_1_pat_6cm_dist_20cm_OneVision.jpg,tomato056.jpg
tomato_04,Tomato_1_pat_6cm_dist_30cm_OneVision.jpg,tomato057.jpg
tomato_04,Tomato_1_pat_6cm_dist_40cm_OneVision.jpg,tomato058.jpg
tomato_05,Tomato_2_pat_1cm_dist_20cm_OneVision.jpg,tomato059.jpg
tomato_05,Tomato_2_pat_1cm_dist_30cm_OneVision.jpg,tomato060.jpg
tomato_05,Tomato_2_pat_1cm_dist_40cm_OneVision.jpg,tomato061.jpg
tomato_05,Tomato_2_pat_2cm_dist_20cm_OneVision.jpg,tomato062.jpg
tomato_05,Tomato_2_pat_2cm_dist_30cm_OneVision.jpg,tomato063.jpg
tomato_05,Tomato_2_pat_2cm_dist_40cm_OneVision.jpg,tomato064.jpg
tomato_05,Tomato_2_pat_4cm_dist_20cm_OneVision.jpg,tomato065.jpg
tomato_05,Tomato_2_pat_4cm_dist_30cm_OneVision.jpg,tomato066.jpg
tomato_05,Tomato_2_pat_4cm_dist_40cm_OneVision.jpg,tomato067.jpg
tomato_05,Tomato_2_pat_6cm_dist_20cm_OneVision.jpg,tomato068.jpg
tomato_05,Tomato_2_pat_6cm_dist_30cm_OneVision.jpg,tomato069.jpg
tomato_05,Tomato_2_pat_6cm_dist_40cm_OneVision.jpg,tomato070.jpg
